0000	3a0040	LD A,(0x4000)
0003	fe55	CP 0x55
0005	ca0140	JP Z,0x4001
0008	3a0088	LD A,(0x8800)
000b	310088	LD SP,0x8800
000e	c3a302	JP 0x02a3
0011	ff	RST 0x0038
0012	ff	RST 0x0038
0013	ff	RST 0x0038
0014	ff	RST 0x0038
0015	ff	RST 0x0038
0016	ff	RST 0x0038
0017	ff	RST 0x0038
0018	4f	LD C,A
0019	3afe83	LD A,(0x83fe)
001c	b7	OR A
001d	c8	RET Z
001e	e5	PUSH HL
001f	210083	LD HL,0x8300
0022	34	INC (HL)
0023	7e	LD A,(HL)
0024	6f	LD L,A
0025	71	LD (HL),C
0026	e1	POP HL
0027	c9	RET
0028	1a	LD A,(DE)
0029	77	LD (HL),A
002a	7d	LD A,L
002b	d620	SUB 0x20
002d	6f	LD L,A
002e	3001	JR NC,0x0031
0030	25	DEC H
0031	13	INC DE
0032	10f4	DJNZ 0x0028
0034	c9	RET
0038	111020	LD DE,0x2010
003b	2100a8	LD HL,0xa800
003e	0620	LD B,0x20
0040	73	LD (HL),E
0041	23	INC HL
0042	10fc	DJNZ 0x0040
0044	0e15	LD C,0x15
0046	10fe	DJNZ 0x0046
0048	0d	DEC C
0049	20fb	JR NZ,0x0046
004b	15	DEC D
004c	20f0	JR NZ,0x003e
004e	c9	RET
0066	f5	PUSH AF
0067	e5	PUSH HL
0068	d5	PUSH DE
0069	c5	PUSH BC
006a	dde5	PUSH IX
006c	fde5	PUSH IY
006e	3a0088	LD A,(0x8800)
0071	af	XOR A
0072	3208b8	LD (0xb808),A
0075	cdf02c	CALL 0x2cf0
0078	210780	LD HL,0x8007
007b	1107b0	LD DE,0xb007
007e	7e	LD A,(HL)
007f	12	LD (DE),A
0080	2c	INC L
0081	1c	INC E
0082	061c	LD B,0x1c
0084	7e	LD A,(HL)
0085	0f	RRCA
0086	0f	RRCA
0087	0f	RRCA
0088	0f	RRCA
0089	12	LD (DE),A
008a	2c	INC L
008b	1c	INC E
008c	7e	LD A,(HL)
008d	12	LD (DE),A
008e	2c	INC L
008f	1c	INC E
0090	10f2	DJNZ 0x0084
0092	0e08	LD C,0x8
0094	3a2f84	LD A,(0x842f)
0097	b7	OR A
0098	2805	JR Z,0x009f
009a	0e06	LD C,0x6
009c	1e48	LD E,0x48
009e	6b	LD L,E
009f	7e	LD A,(HL)
00a0	0f	RRCA
00a1	0f	RRCA
00a2	0f	RRCA
00a3	0f	RRCA
00a4	12	LD (DE),A
00a5	2c	INC L
00a6	1c	INC E
00a7	0603	LD B,0x3
00a9	7e	LD A,(HL)
00aa	12	LD (DE),A
00ab	2c	INC L
00ac	1c	INC E
00ad	10fa	DJNZ 0x00a9
00af	0d	DEC C
00b0	20ed	JR NZ,0x009f
00b2	217f83	LD HL,0x837f
00b5	7e	LD A,(HL)
00b6	b7	OR A
00b7	2807	JR Z,0x00c0
00b9	35	DEC (HL)
00ba	2004	JR NZ,0x00c0
00bc	af	XOR A
00bd	321cb8	LD (0xb81c),A
00c0	217e83	LD HL,0x837e
00c3	7e	LD A,(HL)
00c4	b7	OR A
00c5	2807	JR Z,0x00ce
00c7	35	DEC (HL)
00c8	2004	JR NZ,0x00ce
00ca	af	XOR A
00cb	3218b8	LD (0xb818),A
00ce	3a04e0	LD A,(0xe004)
00d1	e608	AND 0x8
00d3	cafc00	JP Z,0x00fc
00d6	3afe83	LD A,(0x83fe)
00d9	a7	AND A
00da	cafc00	JP Z,0x00fc
00dd	3afd83	LD A,(0x83fd)
00e0	a7	AND A
00e1	2819	JR Z,0x00fc
00e3	3d	DEC A
00e4	2816	JR Z,0x00fc
00e6	0e02	LD C,0x2
00e8	214380	LD HL,0x8043
00eb	1143b0	LD DE,0xb043
00ee	7e	LD A,(HL)
00ef	81	ADD A,C
00f0	12	LD (DE),A
00f1	0e02	LD C,0x2
00f3	214780	LD HL,0x8047
00f6	1147b0	LD DE,0xb047
00f9	7e	LD A,(HL)
00fa	81	ADD A,C
00fb	12	LD (DE),A
00fc	3afe83	LD A,(0x83fe)
00ff	b7	OR A
0100	ca2201	JP Z,0x0122
0103	cdac07	CALL 0x07ac
0106	3aea83	LD A,(0x83ea)
0109	b7	OR A
010a	ca4502	JP Z,0x0245
010d	2ad283	LD HL,(0x83d2)
0110	7c	LD A,H
0111	b5	OR L
0112	ca7101	JP Z,0x0171
0115	2b	DEC HL
0116	22d283	LD (0x83d2),HL
0119	cdb714	CALL 0x14b7
011c	cd0218	CALL 0x1802
011f	c34502	JP 0x0245
0122	3ad683	LD A,(0x83d6)
0125	fe02	CP 0x2
0127	d25801	JP NC,0x0158
012a	b7	OR A
012b	cc7a0e	CALL Z,0x0e7a
012e	cd4123	CALL 0x2341
0131	af	XOR A
0132	32cd83	LD (0x83cd),A
0135	32cf83	LD (0x83cf),A
0138	32b583	LD (0x83b5),A
013b	67	LD H,A
013c	6f	LD L,A
013d	229382	LD (0x8293),HL
0140	215c82	LD HL,0x825c
0143	115d82	LD DE,0x825d
0146	010b00	LD BC,0xb
0149	70	LD (HL),B
014a	edb0	LDIR
014c	21af83	LD HL,0x83af
014f	3680	LD (HL),0x80
0151	2c	INC L
0152	77	LD (HL),A
0153	2c	INC L
0154	77	LD (HL),A
0155	c34502	JP 0x0245
0158	21d883	LD HL,0x83d8
015b	7e	LD A,(HL)
015c	b7	OR A
015d	ca4502	JP Z,0x0245
0160	35	DEC (HL)
0161	c24502	JP NZ,0x0245
0164	2d	DEC L
0165	7e	LD A,(HL)
0166	b7	OR A
0167	c24502	JP NZ,0x0245
016a	21d683	LD HL,0x83d6
016d	35	DEC (HL)
016e	c34502	JP 0x0245
0171	2a8283	LD HL,(0x8382)
0174	7c	LD A,H
0175	b5	OR L
0176	2812	JR Z,0x018a
0178	2b	DEC HL
0179	228283	LD (0x8382),HL
017c	7c	LD A,H
017d	b5	OR L
017e	200a	JR NZ,0x018a
0180	3e0f	LD A,0xf
0182	df	RST 0x0018
0183	3eb0	LD A,0xb0
0185	df	RST 0x0018
0186	af	XOR A
0187	327183	LD (0x8371),A
018a	3afd83	LD A,(0x83fd)
018d	3d	DEC A
018e	c27402	JP NZ,0x0274
0191	3a5c82	LD A,(0x825c)
0194	fe05	CP 0x5
0196	ca5e02	JP Z,0x025e
0199	3a9882	LD A,(0x8298)
019c	a7	AND A
019d	2807	JR Z,0x01a6
019f	3d	DEC A
01a0	329882	LD (0x8298),A
01a3	c3e201	JP 0x01e2
01a6	3a9782	LD A,(0x8297)
01a9	a7	AND A
01aa	c25702	JP NZ,0x0257
01ad	2a9d82	LD HL,(0x829d)
01b0	7c	LD A,H
01b1	b5	OR L
01b2	202e	JR NZ,0x01e2
01b4	cd7008	CALL 0x0870
01b7	cd551a	CALL 0x1a55
01ba	3ab583	LD A,(0x83b5)
01bd	b7	OR A
01be	2022	JR NZ,0x01e2
01c0	3c	INC A
01c1	32b583	LD (0x83b5),A
01c4	3eff	LD A,0xff
01c6	328483	LD (0x8384),A
01c9	3a8083	LD A,(0x8380)
01cc	b7	OR A
01cd	2813	JR Z,0x01e2
01cf	af	XOR A
01d0	328083	LD (0x8380),A
01d3	214000	LD HL,0x40
01d6	228283	LD (0x8382),HL
01d9	117b2f	LD DE,0x2f7b
01dc	2151aa	LD HL,0xaa51
01df	0607	LD B,0x7
01e1	ef	RST 0x0028
01e2	3a8483	LD A,(0x8384)
01e5	b7	OR A
01e6	280a	JR Z,0x01f2
01e8	3d	DEC A
01e9	328483	LD (0x8384),A
01ec	2150a8	LD HL,0xa850
01ef	cce219	CALL Z,0x19e2
01f2	cd0520	CALL 0x2005
01f5	cd0218	CALL 0x1802
01f8	3a0781	LD A,(0x8107)
01fb	a7	AND A
01fc	2807	JR Z,0x0205
01fe	3a0981	LD A,(0x8109)
0201	3d	DEC A
0202	320981	LD (0x8109),A
0205	3a0881	LD A,(0x8108)
0208	a7	AND A
0209	2807	JR Z,0x0212
020b	3a2481	LD A,(0x8124)
020e	3d	DEC A
020f	322481	LD (0x8124),A
0212	cdbf11	CALL 0x11bf
0215	3a0781	LD A,(0x8107)
0218	a7	AND A
0219	2807	JR Z,0x0222
021b	3a0981	LD A,(0x8109)
021e	3c	INC A
021f	320981	LD (0x8109),A
0222	3a0881	LD A,(0x8108)
0225	a7	AND A
0226	2807	JR Z,0x022f
0228	3a2481	LD A,(0x8124)
022b	3c	INC A
022c	322481	LD (0x8124),A
022f	cdf816	CALL 0x16f8
0232	cdb714	CALL 0x14b7
0235	cd7029	CALL 0x2970
0238	cdc71f	CALL 0x1fc7
023b	cd9202	CALL 0x0292
023e	3a9782	LD A,(0x8297)
0241	a7	AND A
0242	c4a206	CALL NZ,0x06a2
0245	3a0088	LD A,(0x8800)
0248	fde1	POP IY
024a	dde1	POP IX
024c	c1	POP BC
024d	d1	POP DE
024e	e1	POP HL
024f	3e01	LD A,0x1
0251	3208b8	LD (0xb808),A
0254	f1	POP AF
0255	ed45	RETN
0257	3d	DEC A
0258	329782	LD (0x8297),A
025b	c3e201	JP 0x01e2
025e	215e82	LD HL,0x825e
0261	115f82	LD DE,0x825f
0264	010400	LD BC,0x4
0267	70	LD (HL),B
0268	edb0	LDIR
026a	af	XOR A
026b	325c82	LD (0x825c),A
026e	cdd305	CALL 0x05d3
0271	c34502	JP 0x0245
0274	3a5d82	LD A,(0x825d)
0277	fe05	CP 0x5
0279	c29901	JP NZ,0x0199
027c	216382	LD HL,0x8263
027f	116482	LD DE,0x8264
0282	010400	LD BC,0x4
0285	70	LD (HL),B
0286	edb0	LDIR
0288	af	XOR A
0289	325d82	LD (0x825d),A
028c	cdd305	CALL 0x05d3
028f	c34502	JP 0x0245
0292	2a9d82	LD HL,(0x829d)
0295	7c	LD A,H
0296	b5	OR L
0297	c8	RET Z
0298	2b	DEC HL
0299	229d82	LD (0x829d),HL
029c	7c	LD A,H
029d	b5	OR L
029e	c0	RET NZ
029f	32ae83	LD (0x83ae),A
02a2	c9	RET
02a3	af	XOR A
02a4	3208b8	LD (0xb808),A
02a7	320588	LD (0x8805),A
02aa	3210b8	LD (0xb810),A
02ad	320cb8	LD (0xb80c),A
02b0	210080	LD HL,0x8000
02b3	110180	LD DE,0x8001
02b6	01ff07	LD BC,0x7ff
02b9	75	LD (HL),L
02ba	edb0	LDIR
02bc	2100b0	LD HL,0xb000
02bf	010000	LD BC,0x0
02c2	71	LD (HL),C
02c3	2c	INC L
02c4	10fc	DJNZ 0x02c2
02c6	3a02e0	LD A,(0xe002)
02c9	162e	LD D,0x2e
02cb	e603	AND 0x3
02cd	5f	LD E,A
02ce	1a	LD A,(DE)
02cf	32e483	LD (0x83e4),A
02d2	3a04e0	LD A,(0xe004)
02d5	67	LD H,A
02d6	cb5c	BIT 0x3,H
02d8	2805	JR Z,0x02df
02da	3e01	LD A,0x1
02dc	32c283	LD (0x83c2),A
02df	7c	LD A,H
02e0	e606	AND 0x6
02e2	32d483	LD (0x83d4),A
02e5	210a2e	LD HL,0x2e0a
02e8	11eb83	LD DE,0x83eb
02eb	011200	LD BC,0x12
02ee	edb0	LDIR
02f0	cd4810	CALL 0x1048
02f3	3e01	LD A,0x1
02f5	327083	LD (0x8370),A
02f8	3208b8	LD (0xb808),A
02fb	ff	RST 0x0038
02fc	af	XOR A
02fd	3201b0	LD (0xb001),A
0300	3e06	LD A,0x6
0302	3203b0	LD (0xb003),A
0305	210001	LD HL,0x100
0308	22c783	LD (0x83c7),HL
030b	3e15	LD A,0x15
030d	328183	LD (0x8381),A
0310	21b12e	LD HL,0x2eb1
0313	110084	LD DE,0x8400
0316	012000	LD BC,0x20
0319	edb0	LDIR
031b	2106e0	LD HL,0xe006
031e	369b	LD (HL),0x9b
0320	2106d0	LD HL,0xd006
0323	3688	LD (HL),0x88
0325	3e18	LD A,0x18
0327	32d983	LD (0x83d9),A
032a	3202d0	LD (0xd002),A
032d	af	XOR A
032e	cd9407	CALL 0x0794
0331	3ad983	LD A,(0x83d9)
0334	e6ef	AND 0xef
0336	32d983	LD (0x83d9),A
0339	3202d0	LD (0xd002),A
033c	3eff	LD A,0xff
033e	cd9407	CALL 0x0794
0341	3ad683	LD A,(0x83d6)
0344	fe02	CP 0x2
0346	d4110d	CALL NC,0x0d11
0349	cd1f0b	CALL 0x0b1f
034c	3ad683	LD A,(0x83d6)
034f	3d	DEC A
0350	c4670b	CALL NZ,0x0b67
0353	cd0f23	CALL 0x230f
0356	3e02	LD A,0x2
0358	215482	LD HL,0x8254
035b	77	LD (HL),A
035c	23	INC HL
035d	77	LD (HL),A
035e	3e09	LD A,0x9
0360	23	INC HL
0361	77	LD (HL),A
0362	23	INC HL
0363	77	LD (HL),A
0364	23	INC HL
0365	77	LD (HL),A
0366	23	INC HL
0367	77	LD (HL),A
0368	2ac783	LD HL,(0x83c7)
036b	7c	LD A,H
036c	b5	OR L
036d	2b	DEC HL
036e	20fb	JR NZ,0x036b
0370	3afe83	LD A,(0x83fe)
0373	b7	OR A
0374	c20b04	JP NZ,0x040b
0377	3ab383	LD A,(0x83b3)
037a	b7	OR A
037b	20c4	JR NZ,0x0341
037d	3a02e0	LD A,(0xe002)
0380	07	RLCA
0381	3007	JR NC,0x038a
0383	07	RLCA
0384	38bb	JR C,0x0341
0386	0e02	LD C,0x2
0388	1802	JR 0x038c
038a	0e01	LD C,0x1
038c	3ae183	LD A,(0x83e1)
038f	b9	CP C
0390	38af	JR C,0x0341
0392	91	SUB C
0393	27	DAA
0394	32e183	LD (0x83e1),A
0397	79	LD A,C
0398	327083	LD (0x8370),A
039b	210085	LD HL,0x8500
039e	110185	LD DE,0x8501
03a1	01ff01	LD BC,0x1ff
03a4	75	LD (HL),L
03a5	edb0	LDIR
03a7	32fe83	LD (0x83fe),A
03aa	3e01	LD A,0x1
03ac	32fd83	LD (0x83fd),A
03af	32b383	LD (0x83b3),A
03b2	67	LD H,A
03b3	6f	LD L,A
03b4	32b783	LD (0x83b7),A
03b7	22b883	LD (0x83b8),HL
03ba	cd0a0b	CALL 0x0b0a
03bd	3e03	LD A,0x3
03bf	323d80	LD (0x803d),A
03c2	cdd907	CALL 0x07d9
03c5	af	XOR A
03c6	327180	LD (0x8071),A
03c9	df	RST 0x0018
03ca	3e09	LD A,0x9
03cc	df	RST 0x0018
03cd	3e0a	LD A,0xa
03cf	df	RST 0x0018
03d0	3e0b	LD A,0xb
03d2	df	RST 0x0018
03d3	212000	LD HL,0x20
03d6	229d82	LD (0x829d),HL
03d9	21a001	LD HL,0x1a0
03dc	228283	LD (0x8382),HL
03df	210000	LD HL,0x0
03e2	22d283	LD (0x83d2),HL
03e5	cde607	CALL 0x07e6
03e8	ff	RST 0x0038
03e9	cd3d22	CALL 0x223d
03ec	af	XOR A
03ed	67	LD H,A
03ee	6f	LD L,A
03ef	322f84	LD (0x842f),A
03f2	322d84	LD (0x842d),A
03f5	229382	LD (0x8293),HL
03f8	214084	LD HL,0x8440
03fb	114184	LD DE,0x8441
03fe	014f00	LD BC,0x4f
0401	70	LD (HL),B
0402	edb0	LDIR
0404	320480	LD (0x8004),A
0407	3c	INC A
0408	325a82	LD (0x825a),A
040b	3aea83	LD A,(0x83ea)
040e	b7	OR A
040f	c25704	JP NZ,0x0457
0412	3acd83	LD A,(0x83cd)
0415	b7	OR A
0416	200d	JR NZ,0x0425
0418	3afe83	LD A,(0x83fe)
041b	3d	DEC A
041c	2804	JR Z,0x0422
041e	ff	RST 0x0038
041f	cdee06	CALL 0x06ee
0422	cd1f0b	CALL 0x0b1f
0425	3a6d82	LD A,(0x826d)
0428	a7	AND A
0429	c4f005	CALL NZ,0x05f0
042c	cd4209	CALL 0x0942
042f	32ea83	LD (0x83ea),A
0432	cd160a	CALL 0x0a16
0435	219e83	LD HL,0x839e
0438	3620	LD (HL),0x20
043a	2d	DEC L
043b	3610	LD (HL),0x10
043d	2d	DEC L
043e	3620	LD (HL),0x20
0440	3afe83	LD A,(0x83fe)
0443	3d	DEC A
0444	c4c107	CALL NZ,0x07c1
0447	af	XOR A
0448	326d82	LD (0x826d),A
044b	3acd83	LD A,(0x83cd)
044e	32b683	LD (0x83b6),A
0451	cd480a	CALL 0x0a48
0454	c36803	JP 0x0368
0457	cd1f0b	CALL 0x0b1f
045a	3ace83	LD A,(0x83ce)
045d	b7	OR A
045e	ca6803	JP Z,0x0368
0461	cd0408	CALL 0x0804
0464	cde607	CALL 0x07e6
0467	af	XOR A
0468	219a83	LD HL,0x839a
046b	77	LD (HL),A
046c	2c	INC L
046d	77	LD (HL),A
046e	32cc83	LD (0x83cc),A
0471	32ea83	LD (0x83ea),A
0474	21a083	LD HL,0x83a0
0477	11a183	LD DE,0x83a1
047a	010d00	LD BC,0xd
047d	77	LD (HL),A
047e	edb0	LDIR
0480	3e80	LD A,0x80
0482	df	RST 0x0018
0483	3acf83	LD A,(0x83cf)
0486	b7	OR A
0487	2006	JR NZ,0x048f
0489	cd2208	CALL 0x0822
048c	c36803	JP 0x0368
048f	cd590f	CALL 0x0f59
0492	3e0c	LD A,0xc
0494	df	RST 0x0018
0495	3e0d	LD A,0xd
0497	df	RST 0x0018
0498	2ac583	LD HL,(0x83c5)
049b	2b	DEC HL
049c	22c583	LD (0x83c5),HL
049f	7c	LD A,H
04a0	b5	OR L
04a1	20f8	JR NZ,0x049b
04a3	3afe83	LD A,(0x83fe)
04a6	3d	DEC A
04a7	ca4705	JP Z,0x0547
04aa	3afd83	LD A,(0x83fd)
04ad	3d	DEC A
04ae	c2f304	JP NZ,0x04f3
04b1	21c983	LD HL,0x83c9
04b4	3601	LD (HL),0x1
04b6	23	INC HL
04b7	7e	LD A,(HL)
04b8	b7	OR A
04b9	c23405	JP NZ,0x0534
04bc	ff	RST 0x0038
04bd	cd2208	CALL 0x0822
04c0	3e01	LD A,0x1
04c2	32fe83	LD (0x83fe),A
04c5	325c82	LD (0x825c),A
04c8	215e82	LD HL,0x825e
04cb	115f82	LD DE,0x825f
04ce	010400	LD BC,0x4
04d1	3600	LD (HL),0x0
04d3	edb0	LDIR
04d5	210086	LD HL,0x8600
04d8	11ff80	LD DE,0x80ff
04db	01b700	LD BC,0xb7
04de	edb0	LDIR
04e0	21c085	LD HL,0x85c0
04e3	110c80	LD DE,0x800c
04e6	012b00	LD BC,0x2b
04e9	edb0	LDIR
04eb	3e01	LD A,0x1
04ed	323f80	LD (0x803f),A
04f0	c36803	JP 0x0368
04f3	21ca83	LD HL,0x83ca
04f6	3601	LD (HL),0x1
04f8	2b	DEC HL
04f9	7e	LD A,(HL)
04fa	b7	OR A
04fb	c25705	JP NZ,0x0557
04fe	ff	RST 0x0038
04ff	cd2208	CALL 0x0822
0502	3e01	LD A,0x1
0504	32fe83	LD (0x83fe),A
0507	325d82	LD (0x825d),A
050a	216382	LD HL,0x8263
050d	116482	LD DE,0x8264
0510	010400	LD BC,0x4
0513	70	LD (HL),B
0514	edb0	LDIR
0516	21c086	LD HL,0x86c0
0519	110c80	LD DE,0x800c
051c	012b00	LD BC,0x2b
051f	edb0	LDIR
0521	3e01	LD A,0x1
0523	323f80	LD (0x803f),A
0526	210085	LD HL,0x8500
0529	11ff80	LD DE,0x80ff
052c	01b700	LD BC,0xb7
052f	edb0	LDIR
0531	c36803	JP 0x0368
0534	af	XOR A
0535	325c82	LD (0x825c),A
0538	215e82	LD HL,0x825e
053b	115f82	LD DE,0x825f
053e	010400	LD BC,0x4
0541	70	LD (HL),B
0542	edb0	LDIR
0544	c36705	JP 0x0567
0547	af	XOR A
0548	325c82	LD (0x825c),A
054b	215e82	LD HL,0x825e
054e	115f82	LD DE,0x825f
0551	010400	LD BC,0x4
0554	70	LD (HL),B
0555	edb0	LDIR
0557	af	XOR A
0558	325d82	LD (0x825d),A
055b	216382	LD HL,0x8263
055e	116482	LD DE,0x8264
0561	010400	LD BC,0x4
0564	70	LD (HL),B
0565	edb0	LDIR
0567	ff	RST 0x0038
0568	cde607	CALL 0x07e6
056b	cd670b	CALL 0x0b67
056e	cd690f	CALL 0x0f69
0571	cd1f0b	CALL 0x0b1f
0574	210081	LD HL,0x8100
0577	110181	LD DE,0x8101
057a	015f01	LD BC,0x15f
057d	75	LD (HL),L
057e	edb0	LDIR
0580	210080	LD HL,0x8000
0583	110180	LD DE,0x8001
0586	010400	LD BC,0x4
0589	70	LD (HL),B
058a	edb0	LDIR
058c	210c80	LD HL,0x800c
058f	110d80	LD DE,0x800d
0592	012e00	LD BC,0x2e
0595	70	LD (HL),B
0596	edb0	LDIR
0598	af	XOR A
0599	32c383	LD (0x83c3),A
059c	32fe83	LD (0x83fe),A
059f	32bf83	LD (0x83bf),A
05a2	21c983	LD HL,0x83c9
05a5	77	LD (HL),A
05a6	2c	INC L
05a7	77	LD (HL),A
05a8	67	LD H,A
05a9	6f	LD L,A
05aa	3210b8	LD (0xb810),A
05ad	320cb8	LD (0xb80c),A
05b0	229382	LD (0x8293),HL
05b3	32bb83	LD (0x83bb),A
05b6	32cb83	LD (0x83cb),A
05b9	32d883	LD (0x83d8),A
05bc	32c483	LD (0x83c4),A
05bf	32ba83	LD (0x83ba),A
05c2	329582	LD (0x8295),A
05c5	325b82	LD (0x825b),A
05c8	3e03	LD A,0x3
05ca	32d683	LD (0x83d6),A
05cd	cdeb07	CALL 0x07eb
05d0	c36803	JP 0x0368
05d3	3e01	LD A,0x1
05d5	326d82	LD (0x826d),A
05d8	325a82	LD (0x825a),A
05db	32cd83	LD (0x83cd),A
05de	af	XOR A
05df	325b82	LD (0x825b),A
05e2	32ea83	LD (0x83ea),A
05e5	3eff	LD A,0xff
05e7	329782	LD (0x8297),A
05ea	3e40	LD A,0x40
05ec	329882	LD (0x8298),A
05ef	c9	RET
05f0	3e10	LD A,0x10
05f2	df	RST 0x0018
05f3	3e30	LD A,0x30
05f5	df	RST 0x0018
05f6	3afd83	LD A,(0x83fd)
05f9	3d	DEC A
05fa	200c	JR NZ,0x0608
05fc	219382	LD HL,0x8293
05ff	34	INC (HL)
0600	7e	LD A,(HL)
0601	d605	SUB 0x5
0603	200d	JR NZ,0x0612
0605	77	LD (HL),A
0606	180a	JR 0x0612
0608	219482	LD HL,0x8294
060b	34	INC (HL)
060c	7e	LD A,(HL)
060d	d605	SUB 0x5
060f	2001	JR NZ,0x0612
0611	77	LD (HL),A
0612	cd2906	CALL 0x0629
0615	cd4b06	CALL 0x064b
0618	cd3d22	CALL 0x223d
061b	cd021a	CALL 0x1a02
061e	3e01	LD A,0x1
0620	328083	LD (0x8380),A
0623	110001	LD DE,0x100
0626	c3e008	JP 0x08e0
0629	cde607	CALL 0x07e6
062c	219a83	LD HL,0x839a
062f	af	XOR A
0630	77	LD (HL),A
0631	2c	INC L
0632	77	LD (HL),A
0633	3c	INC A
0634	32cc83	LD (0x83cc),A
0637	3e20	LD A,0x20
0639	2106a8	LD HL,0xa806
063c	cd7907	CALL 0x0779
063f	2c	INC L
0640	2c	INC L
0641	cd7907	CALL 0x0779
0644	0e0a	LD C,0xa
0646	09	ADD HL,BC
0647	3d	DEC A
0648	20f2	JR NZ,0x063c
064a	c9	RET
064b	210c80	LD HL,0x800c
064e	110d80	LD DE,0x800d
0651	012b00	LD BC,0x2b
0654	70	LD (HL),B
0655	edb0	LDIR
0657	210c80	LD HL,0x800c
065a	110cb0	LD DE,0xb00c
065d	012b00	LD BC,0x2b
0660	edb0	LDIR
0662	210081	LD HL,0x8100
0665	110181	LD DE,0x8101
0668	016200	LD BC,0x62
066b	3600	LD (HL),0x0
066d	edb0	LDIR
066f	c9	RET
0670	2164ab	LD HL,0xab64
0673	cd9506	CALL 0x0695
0676	21a4aa	LD HL,0xaaa4
0679	cd9506	CALL 0x0695
067c	21e4a9	LD HL,0xa9e4
067f	cd9506	CALL 0x0695
0682	2124a9	LD HL,0xa924
0685	cd9506	CALL 0x0695
0688	2164a8	LD HL,0xa864
068b	cd9506	CALL 0x0695
068e	af	XOR A
068f	322f84	LD (0x842f),A
0692	c35f0a	JP 0x0a5f
0695	3e10	LD A,0x10
0697	77	LD (HL),A
0698	23	INC HL
0699	77	LD (HL),A
069a	011f00	LD BC,0x1f
069d	09	ADD HL,BC
069e	77	LD (HL),A
069f	23	INC HL
06a0	77	LD (HL),A
06a1	c9	RET
06a2	fec0	CP 0xc0
06a4	cac106	JP Z,0x06c1
06a7	fe90	CP 0x90
06a9	cac706	JP Z,0x06c7
06ac	fe70	CP 0x70
06ae	cacd06	JP Z,0x06cd
06b1	fe50	CP 0x50
06b3	cad306	JP Z,0x06d3
06b6	fe30	CP 0x30
06b8	cad906	JP Z,0x06d9
06bb	fe10	CP 0x10
06bd	ca7006	JP Z,0x0670
06c0	c9	RET
06c1	2164ab	LD HL,0xab64
06c4	c3df06	JP 0x06df
06c7	21a4aa	LD HL,0xaaa4
06ca	c3df06	JP 0x06df
06cd	21e4a9	LD HL,0xa9e4
06d0	c3df06	JP 0x06df
06d3	2124a9	LD HL,0xa924
06d6	c3df06	JP 0x06df
06d9	2164a8	LD HL,0xa864
06dc	c3df06	JP 0x06df
06df	36fc	LD (HL),0xfc
06e1	23	INC HL
06e2	36fd	LD (HL),0xfd
06e4	011f00	LD BC,0x1f
06e7	09	ADD HL,BC
06e8	36fe	LD (HL),0xfe
06ea	23	INC HL
06eb	36ff	LD (HL),0xff
06ed	c9	RET
06ee	3afd83	LD A,(0x83fd)
06f1	3d	DEC A
06f2	2032	JR NZ,0x0726
06f4	210c80	LD HL,0x800c
06f7	11c085	LD DE,0x85c0
06fa	012b00	LD BC,0x2b
06fd	edb0	LDIR
06ff	21ff80	LD HL,0x80ff
0702	110086	LD DE,0x8600
0705	01b700	LD BC,0xb7
0708	edb0	LDIR
070a	21c086	LD HL,0x86c0
070d	110c80	LD DE,0x800c
0710	012b00	LD BC,0x2b
0713	edb0	LDIR
0715	3e01	LD A,0x1
0717	323f80	LD (0x803f),A
071a	210085	LD HL,0x8500
071d	11ff80	LD DE,0x80ff
0720	01b700	LD BC,0xb7
0723	edb0	LDIR
0725	c9	RET
0726	21ff80	LD HL,0x80ff
0729	110085	LD DE,0x8500
072c	01b700	LD BC,0xb7
072f	edb0	LDIR
0731	210c80	LD HL,0x800c
0734	11c086	LD DE,0x86c0
0737	012b00	LD BC,0x2b
073a	edb0	LDIR
073c	210086	LD HL,0x8600
073f	11ff80	LD DE,0x80ff
0742	01b700	LD BC,0xb7
0745	edb0	LDIR
0747	21c085	LD HL,0x85c0
074a	110c80	LD DE,0x800c
074d	012b00	LD BC,0x2b
0750	edb0	LDIR
0752	3e01	LD A,0x1
0754	323f80	LD (0x803f),A
0757	3a9582	LD A,(0x8295)
075a	a7	AND A
075b	c0	RET NZ
075c	af	XOR A
075d	325b82	LD (0x825b),A
0760	3e01	LD A,0x1
0762	329582	LD (0x8295),A
0765	c9	RET
0766	2102a8	LD HL,0xa802
0769	111020	LD DE,0x2010
076c	0e04	LD C,0x4
076e	061c	LD B,0x1c
0770	73	LD (HL),E
0771	23	INC HL
0772	10fc	DJNZ 0x0770
0774	09	ADD HL,BC
0775	15	DEC D
0776	20f6	JR NZ,0x076e
0778	c9	RET
0779	01100a	LD BC,0xa10
077c	71	LD (HL),C
077d	23	INC HL
077e	10fc	DJNZ 0x077c
0780	c9	RET
0781	2108a8	LD HL,0xa808
0784	111020	LD DE,0x2010
0787	0e0a	LD C,0xa
0789	0616	LD B,0x16
078b	73	LD (HL),E
078c	23	INC HL
078d	10fc	DJNZ 0x078b
078f	09	ADD HL,BC
0790	15	DEC D
0791	20f6	JR NZ,0x0789
0793	c9	RET
0794	3200d0	LD (0xd000),A
0797	3ad983	LD A,(0x83d9)
079a	e6f7	AND 0xf7
079c	3202d0	LD (0xd002),A
079f	00	NOP
07a0	00	NOP
07a1	00	NOP
07a2	00	NOP
07a3	3ad983	LD A,(0x83d9)
07a6	f608	OR 0x8
07a8	3202d0	LD (0xd002),A
07ab	c9	RET
07ac	210083	LD HL,0x8300
07af	7e	LD A,(HL)
07b0	b7	OR A
07b1	c8	RET Z
07b2	35	DEC (HL)
07b3	4f	LD C,A
07b4	2c	INC L
07b5	7e	LD A,(HL)
07b6	cd9407	CALL 0x0794
07b9	54	LD D,H
07ba	5d	LD E,L
07bb	2c	INC L
07bc	0600	LD B,0x0
07be	edb0	LDIR
07c0	c9	RET
07c1	3afd83	LD A,(0x83fd)
07c4	3d	DEC A
07c5	cace07	JP Z,0x07ce
07c8	3e01	LD A,0x1
07ca	325b82	LD (0x825b),A
07cd	c9	RET
07ce	3a6d82	LD A,(0x826d)
07d1	a7	AND A
07d2	c8	RET Z
07d3	3e01	LD A,0x1
07d5	325b82	LD (0x825b),A
07d8	c9	RET
07d9	210083	LD HL,0x8300
07dc	110183	LD DE,0x8301
07df	012f00	LD BC,0x2f
07e2	70	LD (HL),B
07e3	edb0	LDIR
07e5	c9	RET
07e6	3afe83	LD A,(0x83fe)
07e9	3d	DEC A
07ea	c8	RET Z
07eb	af	XOR A
07ec	214480	LD HL,0x8044
07ef	114580	LD DE,0x8045
07f2	011f00	LD BC,0x1f
07f5	70	LD (HL),B
07f6	edb0	LDIR
07f8	212084	LD HL,0x8420
07fb	112184	LD DE,0x8421
07fe	0e0b	LD C,0xb
0800	77	LD (HL),A
0801	edb0	LDIR
0803	c9	RET
0804	214480	LD HL,0x8044
0807	af	XOR A
0808	3601	LD (HL),0x1
080a	2c	INC L
080b	77	LD (HL),A
080c	2c	INC L
080d	2c	INC L
080e	77	LD (HL),A
080f	3afe83	LD A,(0x83fe)
0812	fe02	CP 0x2
0814	c0	RET NZ
0815	214000	LD HL,0x40
0818	22d283	LD (0x83d2),HL
081b	214000	LD HL,0x40
081e	22da83	LD (0x83da),HL
0821	c9	RET
0822	af	XOR A
0823	327183	LD (0x8371),A
0826	3afe83	LD A,(0x83fe)
0829	3d	DEC A
082a	c8	RET Z
082b	3afd83	LD A,(0x83fd)
082e	ee03	XOR 0x3
0830	32fd83	LD (0x83fd),A
0833	21b883	LD HL,0x83b8
0836	3d	DEC A
0837	2801	JR Z,0x083a
0839	2c	INC L
083a	7e	LD A,(HL)
083b	32b783	LD (0x83b7),A
083e	af	XOR A
083f	32b683	LD (0x83b6),A
0842	3c	INC A
0843	325a82	LD (0x825a),A
0846	3ac283	LD A,(0x83c2)
0849	b7	OR A
084a	c8	RET Z
084b	3acb83	LD A,(0x83cb)
084e	ee01	XOR 0x1
0850	32cb83	LD (0x83cb),A
0853	67	LD H,A
0854	3210b8	LD (0xb810),A
0857	320cb8	LD (0xb80c),A
085a	c9	RET
085b	2151aa	LD HL,0xaa51
085e	116e2f	LD DE,0x2f6e
0861	0604	LD B,0x4
0863	ef	RST 0x0028
0864	11122f	LD DE,0x2f12
0867	0605	LD B,0x5
0869	ef	RST 0x0028
086a	3e01	LD A,0x1
086c	320480	LD (0x8004),A
086f	c9	RET
0870	3acd83	LD A,(0x83cd)
0873	b7	OR A
0874	c0	RET NZ
0875	3a0480	LD A,(0x8004)
0878	b7	OR A
0879	c0	RET NZ
087a	3aae83	LD A,(0x83ae)
087d	b7	OR A
087e	2007	JR NZ,0x0887
0880	3c	INC A
0881	32ae83	LD (0x83ae),A
0884	3e06	LD A,0x6
0886	df	RST 0x0018
0887	cdba0a	CALL 0x0aba
088a	3adf83	LD A,(0x83df)
088d	b7	OR A
088e	2035	JR NZ,0x08c5
0890	21dc83	LD HL,0x83dc
0893	35	DEC (HL)
0894	c0	RET NZ
0895	3620	LD (HL),0x20
0897	23	INC HL
0898	7e	LD A,(HL)
0899	b7	OR A
089a	ca5b08	JP Z,0x085b
089d	3d	DEC A
089e	77	LD (HL),A
089f	2c	INC L
08a0	7e	LD A,(HL)
08a1	3d	DEC A
08a2	27	DAA
08a3	77	LD (HL),A
08a4	2d	DEC L
08a5	fe10	CP 0x10
08a7	2007	JR NZ,0x08b0
08a9	3e05	LD A,0x5
08ab	df	RST 0x0018
08ac	af	XOR A
08ad	323f80	LD (0x803f),A
08b0	66	LD H,(HL)
08b1	7c	LD A,H
08b2	e603	AND 0x3
08b4	4f	LD C,A
08b5	ac	XOR H
08b6	07	RLCA
08b7	07	RLCA
08b8	6f	LD L,A
08b9	2600	LD H,0x0
08bb	29	ADD HL,HL
08bc	11dfa8	LD DE,0xa8df
08bf	19	ADD HL,DE
08c0	3e10	LD A,0x10
08c2	91	SUB C
08c3	77	LD (HL),A
08c4	c9	RET
08c5	3ae083	LD A,(0x83e0)
08c8	b7	OR A
08c9	c0	RET NZ
08ca	3c	INC A
08cb	32e083	LD (0x83e0),A
08ce	2151aa	LD HL,0xaa51
08d1	116e2f	LD DE,0x2f6e
08d4	0605	LD B,0x5
08d6	ef	RST 0x0028
08d7	3ade83	LD A,(0x83de)
08da	5f	LD E,A
08db	1600	LD D,0x0
08dd	cda00b	CALL 0x0ba0
08e0	3afe83	LD A,(0x83fe)
08e3	b7	OR A
08e4	c8	RET Z
08e5	3afd83	LD A,(0x83fd)
08e8	3d	DEC A
08e9	2805	JR Z,0x08f0
08eb	21eb83	LD HL,0x83eb
08ee	1803	JR 0x08f3
08f0	21ed83	LD HL,0x83ed
08f3	7b	LD A,E
08f4	86	ADD A,(HL)
08f5	27	DAA
08f6	77	LD (HL),A
08f7	5f	LD E,A
08f8	23	INC HL
08f9	7a	LD A,D
08fa	8e	ADC A,(HL)
08fb	27	DAA
08fc	77	LD (HL),A
08fd	57	LD D,A
08fe	3afd83	LD A,(0x83fd)
0901	3d	DEC A
0902	2009	JR NZ,0x090d
0904	01e783	LD BC,0x83e7
0907	0a	LD A,(BC)
0908	b7	OR A
0909	202b	JR NZ,0x0936
090b	1807	JR 0x0914
090d	01e883	LD BC,0x83e8
0910	0a	LD A,(BC)
0911	b7	OR A
0912	2022	JR NZ,0x0936
0914	2a082e	LD HL,(0x2e08)
0917	ed52	SBC HL,DE
0919	2802	JR Z,0x091d
091b	3019	JR NC,0x0936
091d	32cf83	LD (0x83cf),A
0920	3c	INC A
0921	02	LD (BC),A
0922	0d	DEC C
0923	0d	DEC C
0924	0a	LD A,(BC)
0925	3c	INC A
0926	02	LD (BC),A
0927	21deab	LD HL,0xabde
092a	01e0ff	LD BC,0xffe0
092d	09	ADD HL,BC
092e	3d	DEC A
092f	20fc	JR NZ,0x092d
0931	364d	LD (HL),0x4d
0933	3e07	LD A,0x7
0935	df	RST 0x0018
0936	2aef83	LD HL,(0x83ef)
0939	b7	OR A
093a	ed52	SBC HL,DE
093c	d0	RET NC
093d	ed53ef83	LD (0x83ef),DE
0941	c9	RET
0942	af	XOR A
0943	32ce83	LD (0x83ce),A
0946	3acd83	LD A,(0x83cd)
0949	b7	OR A
094a	2004	JR NZ,0x0950
094c	af	XOR A
094d	32cf83	LD (0x83cf),A
0950	3afe83	LD A,(0x83fe)
0953	b7	OR A
0954	2874	JR Z,0x09ca
0956	3afd83	LD A,(0x83fd)
0959	3d	DEC A
095a	2005	JR NZ,0x0961
095c	21e583	LD HL,0x83e5
095f	1803	JR 0x0964
0961	21e683	LD HL,0x83e6
0964	3acd83	LD A,(0x83cd)
0967	b7	OR A
0968	2008	JR NZ,0x0972
096a	35	DEC (HL)
096b	2005	JR NZ,0x0972
096d	3e01	LD A,0x1
096f	32cf83	LD (0x83cf),A
0972	cd5219	CALL 0x1952
0975	3acd83	LD A,(0x83cd)
0978	b7	OR A
0979	200a	JR NZ,0x0985
097b	3c	INC A
097c	32b583	LD (0x83b5),A
097f	2150a8	LD HL,0xa850
0982	cde219	CALL 0x19e2
0985	3a6c82	LD A,(0x826c)
0988	ee01	XOR 0x1
098a	32b583	LD (0x83b5),A
098d	3afd83	LD A,(0x83fd)
0990	3d	DEC A
0991	c2d209	JP NZ,0x09d2
0994	215e82	LD HL,0x825e
0997	cddb09	CALL 0x09db
099a	3a5a82	LD A,(0x825a)
099d	a7	AND A
099e	280a	JR Z,0x09aa
09a0	cd3d22	CALL 0x223d
09a3	cdaf0f	CALL 0x0faf
09a6	af	XOR A
09a7	325a82	LD (0x825a),A
09aa	214480	LD HL,0x8044
09ad	3680	LD (HL),0x80
09af	2c	INC L
09b0	361e	LD (HL),0x1e
09b2	2c	INC L
09b3	3603	LD (HL),0x3
09b5	2c	INC L
09b6	36e0	LD (HL),0xe0
09b8	af	XOR A
09b9	32cd83	LD (0x83cd),A
09bc	322d84	LD (0x842d),A
09bf	322c84	LD (0x842c),A
09c2	326982	LD (0x8269),A
09c5	3c	INC A
09c6	32c383	LD (0x83c3),A
09c9	c9	RET
09ca	3acd83	LD A,(0x83cd)
09cd	b7	OR A
09ce	c8	RET Z
09cf	c3aa09	JP 0x09aa
09d2	216382	LD HL,0x8263
09d5	cddb09	CALL 0x09db
09d8	c39a09	JP 0x099a
09db	af	XOR A
09dc	b6	OR (HL)
09dd	1164ab	LD DE,0xab64
09e0	c4050a	CALL NZ,0x0a05
09e3	23	INC HL
09e4	af	XOR A
09e5	b6	OR (HL)
09e6	11a4aa	LD DE,0xaaa4
09e9	c4050a	CALL NZ,0x0a05
09ec	23	INC HL
09ed	af	XOR A
09ee	b6	OR (HL)
09ef	11e4a9	LD DE,0xa9e4
09f2	c4050a	CALL NZ,0x0a05
09f5	23	INC HL
09f6	af	XOR A
09f7	b6	OR (HL)
09f8	1124a9	LD DE,0xa924
09fb	c4050a	CALL NZ,0x0a05
09fe	23	INC HL
09ff	af	XOR A
0a00	b6	OR (HL)
0a01	1164a8	LD DE,0xa864
0a04	c8	RET Z
0a05	eb	EX DE,HL
0a06	366c	LD (HL),0x6c
0a08	23	INC HL
0a09	366d	LD (HL),0x6d
0a0b	011f00	LD BC,0x1f
0a0e	09	ADD HL,BC
0a0f	366e	LD (HL),0x6e
0a11	23	INC HL
0a12	366f	LD (HL),0x6f
0a14	eb	EX DE,HL
0a15	c9	RET
0a16	3ae483	LD A,(0x83e4)
0a19	3c	INC A
0a1a	c8	RET Z
0a1b	3afe83	LD A,(0x83fe)
0a1e	b7	OR A
0a1f	2005	JR NZ,0x0a26
0a21	21e483	LD HL,0x83e4
0a24	180e	JR 0x0a34
0a26	3afd83	LD A,(0x83fd)
0a29	3d	DEC A
0a2a	2005	JR NZ,0x0a31
0a2c	21e583	LD HL,0x83e5
0a2f	1803	JR 0x0a34
0a31	21e683	LD HL,0x83e6
0a34	46	LD B,(HL)
0a35	78	LD A,B
0a36	b7	OR A
0a37	3e4d	LD A,0x4d
0a39	11e0ff	LD DE,0xffe0
0a3c	21beab	LD HL,0xabbe
0a3f	2804	JR Z,0x0a45
0a41	77	LD (HL),A
0a42	19	ADD HL,DE
0a43	10fc	DJNZ 0x0a41
0a45	3610	LD (HL),0x10
0a47	c9	RET
0a48	3ab783	LD A,(0x83b7)
0a4b	217ea8	LD HL,0xa87e
0a4e	112000	LD DE,0x20
0a51	fe0f	CP 0xf
0a53	3802	JR C,0x0a57
0a55	3e0f	LD A,0xf
0a57	47	LD B,A
0a58	0e4c	LD C,0x4c
0a5a	71	LD (HL),C
0a5b	19	ADD HL,DE
0a5c	10fc	DJNZ 0x0a5a
0a5e	c9	RET
0a5f	af	XOR A
0a60	32cc83	LD (0x83cc),A
0a63	21b883	LD HL,0x83b8
0a66	3afd83	LD A,(0x83fd)
0a69	3d	DEC A
0a6a	2801	JR Z,0x0a6d
0a6c	2c	INC L
0a6d	34	INC (HL)
0a6e	7e	LD A,(HL)
0a6f	32b783	LD (0x83b7),A
0a72	fe10	CP 0x10
0a74	d0	RET NC
0a75	2600	LD H,0x0
0a77	115ea8	LD DE,0xa85e
0a7a	87	ADD A,A
0a7b	87	ADD A,A
0a7c	87	ADD A,A
0a7d	87	ADD A,A
0a7e	6f	LD L,A
0a7f	29	ADD HL,HL
0a80	19	ADD HL,DE
0a81	364c	LD (HL),0x4c
0a83	c9	RET
0a84	0605	LD B,0x5
0a86	21f283	LD HL,0x83f2
0a89	7a	LD A,D
0a8a	be	CP (HL)
0a8b	3827	JR C,0x0ab4
0a8d	2819	JR Z,0x0aa8
0a8f	78	LD A,B
0a90	3d	DEC A
0a91	280f	JR Z,0x0aa2
0a93	87	ADD A,A
0a94	4f	LD C,A
0a95	0600	LD B,0x0
0a97	d5	PUSH DE
0a98	11fa83	LD DE,0x83fa
0a9b	21f883	LD HL,0x83f8
0a9e	edb8	LDDR
0aa0	eb	EX DE,HL
0aa1	d1	POP DE
0aa2	72	LD (HL),D
0aa3	2d	DEC L
0aa4	73	LD (HL),E
0aa5	87	ADD A,A
0aa6	3c	INC A
0aa7	c9	RET
0aa8	2d	DEC L
0aa9	7e	LD A,(HL)
0aaa	2c	INC L
0aab	bb	CP E
0aac	38e1	JR C,0x0a8f
0aae	2004	JR NZ,0x0ab4
0ab0	78	LD A,B
0ab1	3d	DEC A
0ab2	28f1	JR Z,0x0aa5
0ab4	2c	INC L
0ab5	2c	INC L
0ab6	10d1	DJNZ 0x0a89
0ab8	af	XOR A
0ab9	c9	RET
0aba	3a2d84	LD A,(0x842d)
0abd	b7	OR A
0abe	c0	RET NZ
0abf	3c	INC A
0ac0	322d84	LD (0x842d),A
0ac3	3e03	LD A,0x3
0ac5	323f80	LD (0x803f),A
0ac8	af	XOR A
0ac9	32e083	LD (0x83e0),A
0acc	21bfa8	LD HL,0xa8bf
0acf	116e2f	LD DE,0x2f6e
0ad2	0604	LD B,0x4
0ad4	ef	RST 0x0028
0ad5	21dfa8	LD HL,0xa8df
0ad8	112000	LD DE,0x20
0adb	010c0f	LD BC,0xf0c
0ade	71	LD (HL),C
0adf	19	ADD HL,DE
0ae0	10fc	DJNZ 0x0ade
0ae2	21203c	LD HL,0x3c20
0ae5	22dc83	LD (0x83dc),HL
0ae8	3e60	LD A,0x60
0aea	32de83	LD (0x83de),A
0aed	c9	RET
0aee	e5	PUSH HL
0aef	d5	PUSH DE
0af0	210084	LD HL,0x8400
0af3	35	DEC (HL)
0af4	2002	JR NZ,0x0af8
0af6	361f	LD (HL),0x1f
0af8	54	LD D,H
0af9	5e	LD E,(HL)
0afa	7b	LD A,E
0afb	c60d	ADD A,0xd
0afd	fe20	CP 0x20
0aff	3802	JR C,0x0b03
0b01	d61f	SUB 0x1f
0b03	6f	LD L,A
0b04	1a	LD A,(DE)
0b05	ae	XOR (HL)
0b06	77	LD (HL),A
0b07	d1	POP DE
0b08	e1	POP HL
0b09	c9	RET
0b0a	210000	LD HL,0x0
0b0d	22ed83	LD (0x83ed),HL
0b10	22eb83	LD (0x83eb),HL
0b13	22e783	LD (0x83e7),HL
0b16	3ae483	LD A,(0x83e4)
0b19	67	LD H,A
0b1a	6f	LD L,A
0b1b	22e583	LD (0x83e5),HL
0b1e	c9	RET
0b1f	11e22e	LD DE,0x2ee2
0b22	2160aa	LD HL,0xaa60
0b25	0608	LD B,0x8
0b27	ef	RST 0x0028
0b28	2141aa	LD HL,0xaa41
0b2b	ed5bef83	LD DE,(0x83ef)
0b2f	cd950b	CALL 0x0b95
0b32	3e01	LD A,0x1
0b34	2120ab	LD HL,0xab20
0b37	cda90b	CALL 0x0ba9
0b3a	11df2e	LD DE,0x2edf
0b3d	0603	LD B,0x3
0b3f	ef	RST 0x0028
0b40	2141ab	LD HL,0xab41
0b43	ed5bed83	LD DE,(0x83ed)
0b47	cd950b	CALL 0x0b95
0b4a	3a7083	LD A,(0x8370)
0b4d	3d	DEC A
0b4e	c8	RET Z
0b4f	3e02	LD A,0x2
0b51	2100a9	LD HL,0xa900
0b54	cda90b	CALL 0x0ba9
0b57	11df2e	LD DE,0x2edf
0b5a	0603	LD B,0x3
0b5c	ef	RST 0x0028
0b5d	2121a9	LD HL,0xa921
0b60	ed5beb83	LD DE,(0x83eb)
0b64	c3950b	JP 0x0b95
0b67	3ab483	LD A,(0x83b4)
0b6a	b7	OR A
0b6b	2011	JR NZ,0x0b7e
0b6d	3c	INC A
0b6e	32b483	LD (0x83b4),A
0b71	211fa8	LD HL,0xa81f
0b74	112000	LD DE,0x20
0b77	011020	LD BC,0x2010
0b7a	71	LD (HL),C
0b7b	19	ADD HL,DE
0b7c	10fc	DJNZ 0x0b7a
0b7e	11682f	LD DE,0x2f68
0b81	217fa9	LD HL,0xa97f
0b84	0606	LD B,0x6
0b86	ef	RST 0x0028
0b87	3e01	LD A,0x1
0b89	323f80	LD (0x803f),A
0b8c	219fa8	LD HL,0xa89f
0b8f	3ae183	LD A,(0x83e1)
0b92	c3a00b	JP 0x0ba0
0b95	cd9b0b	CALL 0x0b9b
0b98	af	XOR A
0b99	180e	JR 0x0ba9
0b9b	7a	LD A,D
0b9c	cda00b	CALL 0x0ba0
0b9f	7b	LD A,E
0ba0	4f	LD C,A
0ba1	0f	RRCA
0ba2	0f	RRCA
0ba3	0f	RRCA
0ba4	0f	RRCA
0ba5	cda90b	CALL 0x0ba9
0ba8	79	LD A,C
0ba9	e60f	AND 0xf
0bab	77	LD (HL),A
0bac	7d	LD A,L
0bad	d620	SUB 0x20
0baf	6f	LD L,A
0bb0	d0	RET NC
0bb1	25	DEC H
0bb2	c9	RET
0bb3	21d883	LD HL,0x83d8
0bb6	35	DEC (HL)
0bb7	2d	DEC L
0bb8	af	XOR A
0bb9	77	LD (HL),A
0bba	32b383	LD (0x83b3),A
0bbd	cd8107	CALL 0x0781
0bc0	3e03	LD A,0x3
0bc2	321980	LD (0x8019),A
0bc5	211f80	LD HL,0x801f
0bc8	0605	LD B,0x5
0bca	af	XOR A
0bcb	77	LD (HL),A
0bcc	2c	INC L
0bcd	2c	INC L
0bce	2c	INC L
0bcf	2c	INC L
0bd0	10f9	DJNZ 0x0bcb
0bd2	cd3d0c	CALL 0x0c3d
0bd5	21acaa	LD HL,0xaaac
0bd8	11e52e	LD DE,0x2ee5
0bdb	060d	LD B,0xd
0bdd	ef	RST 0x0028
0bde	3e01	LD A,0x1
0be0	26aa	LD H,0xaa
0be2	ed47	LD I,A
0be4	87	ADD A,A
0be5	c6cd	ADD A,0xcd
0be7	6f	LD L,A
0be8	ed57	LD A,I
0bea	cda90b	CALL 0x0ba9
0bed	ed57	LD A,I
0bef	08	EX AF,AF_
0bf0	0603	LD B,0x3
0bf2	ef	RST 0x0028
0bf3	d9	EXX
0bf4	21ef83	LD HL,0x83ef
0bf7	08	EX AF,AF_
0bf8	47	LD B,A
0bf9	2c	INC L
0bfa	2c	INC L
0bfb	10fc	DJNZ 0x0bf9
0bfd	5e	LD E,(HL)
0bfe	2c	INC L
0bff	56	LD D,(HL)
0c00	26a9	LD H,0xa9
0c02	87	ADD A,A
0c03	c6ed	ADD A,0xed
0c05	6f	LD L,A
0c06	cd950b	CALL 0x0b95
0c09	11ba2f	LD DE,0x2fba
0c0c	0604	LD B,0x4
0c0e	ef	RST 0x0028
0c0f	ed57	LD A,I
0c11	d9	EXX
0c12	3c	INC A
0c13	fe06	CP 0x6
0c15	20c9	JR NZ,0x0be0
0c17	114d2f	LD DE,0x2f4d
0c1a	21fcaa	LD HL,0xaafc
0c1d	060f	LD B,0xf
0c1f	af	XOR A
0c20	323980	LD (0x8039),A
0c23	ef	RST 0x0028
0c24	c9	RET
0c3d	2680	LD H,0x80
0c3f	ed4bfb83	LD BC,(0x83fb)
0c43	110430	LD DE,0x3004
0c46	cd4a0c	CALL 0x0c4a
0c49	48	LD C,B
0c4a	7a	LD A,D
0c4b	91	SUB C
0c4c	ba	CP D
0c4d	c8	RET Z
0c4e	6f	LD L,A
0c4f	73	LD (HL),E
0c50	c9	RET
0c51	2176ab	LD HL,0xab76
0c54	119e2f	LD DE,0x2f9e
0c57	060a	LD B,0xa
0c59	ef	RST 0x0028
0c5a	2177ab	LD HL,0xab77
0c5d	3e10	LD A,0x10
0c5f	cda00b	CALL 0x0ba0
0c62	11ba2f	LD DE,0x2fba
0c65	0604	LD B,0x4
0c67	ef	RST 0x0028
0c68	0613	LD B,0x13
0c6a	ef	RST 0x0028
0c6b	184d	JR 0x0cba
0c6d	21d883	LD HL,0x83d8
0c70	2d	DEC L
0c71	7e	LD A,(HL)
0c72	b7	OR A
0c73	2002	JR NZ,0x0c77
0c75	3605	LD (HL),0x5
0c77	35	DEC (HL)
0c78	7e	LD A,(HL)
0c79	87	ADD A,A
0c7a	21820c	LD HL,0xc82
0c7d	5f	LD E,A
0c7e	1600	LD D,0x0
0c80	19	ADD HL,DE
0c81	e9	JP (HL)
0c82	183c	JR 0x0cc0
0c84	18cb	JR 0x0c51
0c86	1863	JR 0x0ceb
0c88	183c	JR 0x0cc6
0c8a	3e06	LD A,0x6
0c8c	321d80	LD (0x801d),A
0c8f	322380	LD (0x8023),A
0c92	322980	LD (0x8029),A
0c95	322f80	LD (0x802f),A
0c98	3e03	LD A,0x3
0c9a	321b80	LD (0x801b),A
0c9d	322180	LD (0x8021),A
0ca0	322780	LD (0x8027),A
0ca3	322d80	LD (0x802d),A
0ca6	3e10	LD A,0x10
0ca8	216dab	LD HL,0xab6d
0cab	cda00b	CALL 0x0ba0
0cae	11ba2f	LD DE,0x2fba
0cb1	0604	LD B,0x4
0cb3	ef	RST 0x0028
0cb4	11d12e	LD DE,0x2ed1
0cb7	060e	LD B,0xe
0cb9	ef	RST 0x0028
0cba	21d883	LD HL,0x83d8
0cbd	3680	LD (HL),0x80
0cbf	c9	RET
0cc0	21d883	LD HL,0x83d8
0cc3	36c0	LD (HL),0xc0
0cc5	c9	RET
0cc6	2170ab	LD HL,0xab70
0cc9	3e50	LD A,0x50
0ccb	cda00b	CALL 0x0ba0
0cce	11ba2f	LD DE,0x2fba
0cd1	0604	LD B,0x4
0cd3	ef	RST 0x0028
0cd4	11432f	LD DE,0x2f43
0cd7	060a	LD B,0xa
0cd9	ef	RST 0x0028
0cda	11ae2f	LD DE,0x2fae
0cdd	0605	LD B,0x5
0cdf	ef	RST 0x0028
0ce0	2171ab	LD HL,0xab71
0ce3	11172f	LD DE,0x2f17
0ce6	0613	LD B,0x13
0ce8	ef	RST 0x0028
0ce9	18cf	JR 0x0cba
0ceb	2173ab	LD HL,0xab73
0cee	110010	LD DE,0x1000
0cf1	cd9b0b	CALL 0x0b9b
0cf4	11ba2f	LD DE,0x2fba
0cf7	0604	LD B,0x4
0cf9	ef	RST 0x0028
0cfa	11392f	LD DE,0x2f39
0cfd	060a	LD B,0xa
0cff	ef	RST 0x0028
0d00	11ae2f	LD DE,0x2fae
0d03	0606	LD B,0x6
0d05	ef	RST 0x0028
0d06	2174ab	LD HL,0xab74
0d09	112a2f	LD DE,0x2f2a
0d0c	060f	LD B,0xf
0d0e	ef	RST 0x0028
0d0f	18a9	JR 0x0cba
0d11	3ad883	LD A,(0x83d8)
0d14	b7	OR A
0d15	c0	RET NZ
0d16	3ad683	LD A,(0x83d6)
0d19	fe03	CP 0x3
0d1b	cab30b	JP Z,0x0bb3
0d1e	3ae183	LD A,(0x83e1)
0d21	b7	OR A
0d22	c24c0d	JP NZ,0x0d4c
0d25	3ad683	LD A,(0x83d6)
0d28	fe04	CP 0x4
0d2a	ca6d0c	JP Z,0x0c6d
0d2d	fe02	CP 0x2
0d2f	ca882d	JP Z,0x2d88
0d32	fe05	CP 0x5
0d34	c0	RET NZ
0d35	21d883	LD HL,0x83d8
0d38	3630	LD (HL),0x30
0d3a	2d	DEC L
0d3b	af	XOR A
0d3c	77	LD (HL),A
0d3d	321580	LD (0x8015),A
0d40	11012f	LD DE,0x2f01
0d43	21caaa	LD HL,0xaaca
0d46	060d	LD B,0xd
0d48	ef	RST 0x0028
0d49	c3170c	JP 0x0c17
0d4c	cde607	CALL 0x07e6
0d4f	3aba83	LD A,(0x83ba)
0d52	b7	OR A
0d53	c0	RET NZ
0d54	67	LD H,A
0d55	6f	LD L,A
0d56	229382	LD (0x8293),HL
0d59	22b381	LD (0x81b3),HL
0d5c	325b82	LD (0x825b),A
0d5f	329a82	LD (0x829a),A
0d62	3c	INC A
0d63	32ba83	LD (0x83ba),A
0d66	cd3d22	CALL 0x223d
0d69	cd0408	CALL 0x0804
0d6c	cd6607	CALL 0x0766
0d6f	cd4b06	CALL 0x064b
0d72	3e04	LD A,0x4
0d74	321b80	LD (0x801b),A
0d77	3e06	LD A,0x6
0d79	322980	LD (0x8029),A
0d7c	2128aa	LD HL,0xaa28
0d7f	11772f	LD DE,0x2f77
0d82	0604	LD B,0x4
0d84	ef	RST 0x0028
0d85	21adaa	LD HL,0xaaad
0d88	1c	INC E
0d89	060c	LD B,0xc
0d8b	ef	RST 0x0028
0d8c	cdb90d	CALL 0x0db9
0d8f	2174ab	LD HL,0xab74
0d92	11882f	LD DE,0x2f88
0d95	0603	LD B,0x3
0d97	ef	RST 0x0028
0d98	11a82f	LD DE,0x2fa8
0d9b	0606	LD B,0x6
0d9d	ef	RST 0x0028
0d9e	11ae2f	LD DE,0x2fae
0da1	0605	LD B,0x5
0da3	ef	RST 0x0028
0da4	13	INC DE
0da5	0607	LD B,0x7
0da7	ef	RST 0x0028
0da8	2194a9	LD HL,0xa994
0dab	ed5b082e	LD DE,(0x2e08)
0daf	cd950b	CALL 0x0b95
0db2	11ba2f	LD DE,0x2fba
0db5	0604	LD B,0x4
0db7	ef	RST 0x0028
0db8	c9	RET
0db9	3ae183	LD A,(0x83e1)
0dbc	11882f	LD DE,0x2f88
0dbf	3d	DEC A
0dc0	2811	JR Z,0x0dd3
0dc2	3e03	LD A,0x3
0dc4	322380	LD (0x8023),A
0dc7	2111ab	LD HL,0xab11
0dca	0604	LD B,0x4
0dcc	ef	RST 0x0028
0dcd	060d	LD B,0xd
0dcf	ef	RST 0x0028
0dd0	3623	LD (HL),0x23
0dd2	c9	RET
0dd3	21f1aa	LD HL,0xaaf1
0dd6	0604	LD B,0x4
0dd8	ef	RST 0x0028
0dd9	11932f	LD DE,0x2f93
0ddc	060b	LD B,0xb
0dde	ef	RST 0x0028
0ddf	c9	RET
0de0	3e03	LD A,0x3
0de2	320d80	LD (0x800d),A
0de5	320f80	LD (0x800f),A
0de8	3abc83	LD A,(0x83bc)
0deb	3d	DEC A
0dec	32bc83	LD (0x83bc),A
0def	c0	RET NZ
0df0	3e20	LD A,0x20
0df2	32bc83	LD (0x83bc),A
0df5	3ad783	LD A,(0x83d7)
0df8	87	ADD A,A
0df9	1600	LD D,0x0
0dfb	5f	LD E,A
0dfc	21ff0d	LD HL,0xdff
0dff	19	ADD HL,DE
0e00	e9	JP (HL)
0e01	1846	JR 0x0e49
0e03	183a	JR 0x0e3f
0e05	182e	JR 0x0e35
0e07	1822	JR 0x0e2b
0e09	1816	JR 0x0e21
0e0b	180a	JR 0x0e17
0e0d	2106ab	LD HL,0xab06
0e10	114080	LD DE,0x8040
0e13	3ed4	LD A,0xd4
0e15	183a	JR 0x0e51
0e17	21a6aa	LD HL,0xaaa6
0e1a	114480	LD DE,0x8044
0e1d	3ed8	LD A,0xd8
0e1f	1830	JR 0x0e51
0e21	2146aa	LD HL,0xaa46
0e24	114880	LD DE,0x8048
0e27	3edc	LD A,0xdc
0e29	1826	JR 0x0e51
0e2b	21e6a9	LD HL,0xa9e6
0e2e	114c80	LD DE,0x804c
0e31	3ef4	LD A,0xf4
0e33	181c	JR 0x0e51
0e35	2186a9	LD HL,0xa986
0e38	115080	LD DE,0x8050
0e3b	3ef4	LD A,0xf4
0e3d	1812	JR 0x0e51
0e3f	2126a9	LD HL,0xa926
0e42	115480	LD DE,0x8054
0e45	3ef8	LD A,0xf8
0e47	1808	JR 0x0e51
0e49	21c6a8	LD HL,0xa8c6
0e4c	115880	LD DE,0x8058
0e4f	3ed8	LD A,0xd8
0e51	011f00	LD BC,0x1f
0e54	77	LD (HL),A
0e55	3c	INC A
0e56	2c	INC L
0e57	77	LD (HL),A
0e58	3c	INC A
0e59	09	ADD HL,BC
0e5a	77	LD (HL),A
0e5b	3c	INC A
0e5c	2c	INC L
0e5d	77	LD (HL),A
0e5e	eb	EX DE,HL
0e5f	010004	LD BC,0x400
0e62	71	LD (HL),C
0e63	2c	INC L
0e64	10fc	DJNZ 0x0e62
0e66	21d783	LD HL,0x83d7
0e69	35	DEC (HL)
0e6a	c0	RET NZ
0e6b	3607	LD (HL),0x7
0e6d	af	XOR A
0e6e	32bf83	LD (0x83bf),A
0e71	32bb83	LD (0x83bb),A
0e74	3e05	LD A,0x5
0e76	32d683	LD (0x83d6),A
0e79	c9	RET
0e7a	3ae183	LD A,(0x83e1)
0e7d	b7	OR A
0e7e	20f4	JR NZ,0x0e74
0e80	21bf83	LD HL,0x83bf
0e83	7e	LD A,(HL)
0e84	b7	OR A
0e85	202d	JR NZ,0x0eb4
0e87	cd6607	CALL 0x0766
0e8a	cd4b06	CALL 0x064b
0e8d	214080	LD HL,0x8040
0e90	010307	LD BC,0x703
0e93	110081	LD DE,0x8100
0e96	73	LD (HL),E
0e97	2c	INC L
0e98	2c	INC L
0e99	71	LD (HL),C
0e9a	2c	INC L
0e9b	72	LD (HL),D
0e9c	2c	INC L
0e9d	10f7	DJNZ 0x0e96
0e9f	210405	LD HL,0x504
0ea2	22bd83	LD (0x83bd),HL
0ea5	21d783	LD HL,0x83d7
0ea8	3607	LD (HL),0x7
0eaa	21bc83	LD HL,0x83bc
0ead	3620	LD (HL),0x20
0eaf	21bf83	LD HL,0x83bf
0eb2	34	INC (HL)
0eb3	c9	RET
0eb4	3d	DEC A
0eb5	205f	JR NZ,0x0f16
0eb7	3ad783	LD A,(0x83d7)
0eba	87	ADD A,A
0ebb	1600	LD D,0x0
0ebd	5f	LD E,A
0ebe	21c10e	LD HL,0xec1
0ec1	19	ADD HL,DE
0ec2	e9	JP (HL)
0ec3	1834	JR 0x0ef9
0ec5	182b	JR 0x0ef2
0ec7	1822	JR 0x0eeb
0ec9	1819	JR 0x0ee4
0ecb	1810	JR 0x0edd
0ecd	1807	JR 0x0ed6
0ecf	214080	LD HL,0x8040
0ed2	0631	LD B,0x31
0ed4	1828	JR 0x0efe
0ed6	214480	LD HL,0x8044
0ed9	0649	LD B,0x49
0edb	1821	JR 0x0efe
0edd	214880	LD HL,0x8048
0ee0	0661	LD B,0x61
0ee2	181a	JR 0x0efe
0ee4	214c80	LD HL,0x804c
0ee7	0679	LD B,0x79
0ee9	1813	JR 0x0efe
0eeb	215080	LD HL,0x8050
0eee	0691	LD B,0x91
0ef0	180c	JR 0x0efe
0ef2	215480	LD HL,0x8054
0ef5	06a9	LD B,0xa9
0ef7	1805	JR 0x0efe
0ef9	215880	LD HL,0x8058
0efc	06c1	LD B,0xc1
0efe	cd3e0f	CALL 0x0f3e
0f01	4f	LD C,A
0f02	35	DEC (HL)
0f03	35	DEC (HL)
0f04	35	DEC (HL)
0f05	35	DEC (HL)
0f06	7e	LD A,(HL)
0f07	2c	INC L
0f08	71	LD (HL),C
0f09	b8	CP B
0f0a	d0	RET NC
0f0b	361e	LD (HL),0x1e
0f0d	21d783	LD HL,0x83d7
0f10	35	DEC (HL)
0f11	c0	RET NZ
0f12	3614	LD (HL),0x14
0f14	1899	JR 0x0eaf
0f16	3d	DEC A
0f17	c2e00d	JP NZ,0x0de0
0f1a	cd3e0f	CALL 0x0f3e
0f1d	d603	SUB 0x3
0f1f	4f	LD C,A
0f20	3ad783	LD A,(0x83d7)
0f23	b7	OR A
0f24	caa50e	JP Z,0x0ea5
0f27	0607	LD B,0x7
0f29	110600	LD DE,0x6
0f2c	214380	LD HL,0x8043
0f2f	35	DEC (HL)
0f30	35	DEC (HL)
0f31	35	DEC (HL)
0f32	35	DEC (HL)
0f33	2d	DEC L
0f34	2d	DEC L
0f35	71	LD (HL),C
0f36	19	ADD HL,DE
0f37	10f6	DJNZ 0x0f2f
0f39	3d	DEC A
0f3a	32d783	LD (0x83d7),A
0f3d	c9	RET
0f3e	e5	PUSH HL
0f3f	21bd83	LD HL,0x83bd
0f42	35	DEC (HL)
0f43	2011	JR NZ,0x0f56
0f45	3608	LD (HL),0x8
0f47	2c	INC L
0f48	35	DEC (HL)
0f49	2002	JR NZ,0x0f4d
0f4b	3604	LD (HL),0x4
0f4d	7e	LD A,(HL)
0f4e	211b2e	LD HL,0x2e1b
0f51	85	ADD A,L
0f52	6f	LD L,A
0f53	7e	LD A,(HL)
0f54	e1	POP HL
0f55	c9	RET
0f56	f1	POP AF
0f57	f1	POP AF
0f58	c9	RET
0f59	2150a8	LD HL,0xa850
0f5c	cde219	CALL 0x19e2
0f5f	2170aa	LD HL,0xaa70
0f62	110e2f	LD DE,0x2f0e
0f65	0609	LD B,0x9
0f67	ef	RST 0x0028
0f68	c9	RET
0f69	ed5bed83	LD DE,(0x83ed)
0f6d	2aeb83	LD HL,(0x83eb)
0f70	44	LD B,H
0f71	4d	LD C,L
0f72	b7	OR A
0f73	ed52	SBC HL,DE
0f75	3805	JR C,0x0f7c
0f77	d5	PUSH DE
0f78	c5	PUSH BC
0f79	d1	POP DE
0f7a	1801	JR 0x0f7d
0f7c	c5	PUSH BC
0f7d	cd840a	CALL 0x0a84
0f80	d1	POP DE
0f81	f5	PUSH AF
0f82	cd840a	CALL 0x0a84
0f85	67	LD H,A
0f86	f1	POP AF
0f87	6f	LD L,A
0f88	22fb83	LD (0x83fb),HL
0f8b	c9	RET
0f8c	3a1881	LD A,(0x8118)
0f8f	a7	AND A
0f90	c8	RET Z
0f91	1106a8	LD DE,0xa806
0f94	0608	LD B,0x8
0f96	211314	LD HL,0x1413
0f99	7e	LD A,(HL)
0f9a	12	LD (DE),A
0f9b	23	INC HL
0f9c	13	INC DE
0f9d	7e	LD A,(HL)
0f9e	12	LD (DE),A
0f9f	23	INC HL
0fa0	c5	PUSH BC
0fa1	011f00	LD BC,0x1f
0fa4	eb	EX DE,HL
0fa5	09	ADD HL,BC
0fa6	eb	EX DE,HL
0fa7	c1	POP BC
0fa8	10ef	DJNZ 0x0f99
0faa	af	XOR A
0fab	321881	LD (0x8118),A
0fae	c9	RET
0faf	2a0080	LD HL,(0x8000)
0fb2	01be0f	LD BC,0xfbe
0fb5	2600	LD H,0x0
0fb7	29	ADD HL,HL
0fb8	09	ADD HL,BC
0fb9	4e	LD C,(HL)
0fba	23	INC HL
0fbb	66	LD H,(HL)
0fbc	69	LD L,C
0fbd	e9	JP (HL)
0fbf	0f	RRCA
0fc0	58	LD E,B
0fc1	107b	DJNZ 0x103e
0fc3	109b	DJNZ 0x0f60
0fc5	10bb	DJNZ 0x0f82
0fc7	10db	DJNZ 0x0fa4
0fc9	10f8	DJNZ 0x0fc3
0fcb	1018	DJNZ 0x0fe5
0fcd	113811	LD DE,0x1138
0fd0	58	LD E,B
0fd1	117811	LD DE,0x1178
0fd4	217082	LD HL,0x8270
0fd7	7e	LD A,(HL)
0fd8	23	INC HL
0fd9	46	LD B,(HL)
0fda	23	INC HL
0fdb	4e	LD C,(HL)
0fdc	2aed13	LD HL,(0x13ed)
0fdf	110314	LD DE,0x1403
0fe2	dd210081	LD IX,0x8100
0fe6	fd210081	LD IY,0x8100
0fea	32b181	LD (0x81b1),A
0fed	ed530180	LD (0x8001),DE
0ff1	e5	PUSH HL
0ff2	c5	PUSH BC
0ff3	d5	PUSH DE
0ff4	cd9811	CALL 0x1198
0ff7	3a5b82	LD A,(0x825b)
0ffa	a7	AND A
0ffb	200b	JR NZ,0x1008
0ffd	79	LD A,C
0ffe	2f	CPL
0fff	3c	INC A
1000	dd7701	LD (IX+0x1),A
1003	dd23	INC IX
1005	fd3400	INC (IY+0x0)
1008	d1	POP DE
1009	c1	POP BC
100a	e1	POP HL
100b	78	LD A,B
100c	320380	LD (0x8003),A
100f	1a	LD A,(DE)
1010	77	LD (HL),A
1011	23	INC HL
1012	13	INC DE
1013	1a	LD A,(DE)
1014	77	LD (HL),A
1015	2b	DEC HL
1016	d5	PUSH DE
1017	112000	LD DE,0x20
101a	19	ADD HL,DE
101b	d1	POP DE
101c	101a	DJNZ 0x1038
101e	3ab181	LD A,(0x81b1)
1021	5f	LD E,A
1022	1600	LD D,0x0
1024	19	ADD HL,DE
1025	0d	DEC C
1026	c23c10	JP NZ,0x103c
1029	210080	LD HL,0x8000
102c	34	INC (HL)
102d	7e	LD A,(HL)
102e	fe0b	CP 0xb
1030	daaf0f	JP C,0x0faf
1033	af	XOR A
1034	77	LD (HL),A
1035	c34710	JP 0x1047
1038	13	INC DE
1039	c30f10	JP 0x100f
103e	01803a	LD BC,0x3a80
1041	03	INC BC
1042	80	ADD A,B
1043	47	LD B,A
1044	c3f10f	JP 0x0ff1
1047	c9	RET
1048	01ffef	LD BC,0xefff
104b	3a0088	LD A,(0x8800)
104e	0b	DEC BC
104f	78	LD A,B
1050	a7	AND A
1051	20f8	JR NZ,0x104b
1053	79	LD A,C
1054	a7	AND A
1055	20f4	JR NZ,0x104b
1057	c9	RET
1058	cd8c0f	CALL 0x0f8c
105b	217382	LD HL,0x8273
105e	7e	LD A,(HL)
105f	23	INC HL
1060	46	LD B,(HL)
1061	23	INC HL
1062	4e	LD C,(HL)
1063	2aef13	LD HL,(0x13ef)
1066	112314	LD DE,0x1423
1069	dd210981	LD IX,0x8109
106d	fd210981	LD IY,0x8109
1071	32b181	LD (0x81b1),A
1074	ed530180	LD (0x8001),DE
1078	c3f10f	JP 0x0ff1
107b	217682	LD HL,0x8276
107e	7e	LD A,(HL)
107f	23	INC HL
1080	46	LD B,(HL)
1081	23	INC HL
1082	4e	LD C,(HL)
1083	2af113	LD HL,(0x13f1)
1086	113b14	LD DE,0x143b
1089	dd211281	LD IX,0x8112
108d	fd211281	LD IY,0x8112
1091	32b181	LD (0x81b1),A
1094	ed530180	LD (0x8001),DE
1098	c3f10f	JP 0x0ff1
109b	217982	LD HL,0x8279
109e	7e	LD A,(HL)
109f	23	INC HL
10a0	46	LD B,(HL)
10a1	23	INC HL
10a2	4e	LD C,(HL)
10a3	2af313	LD HL,(0x13f3)
10a6	115314	LD DE,0x1453
10a9	dd211b81	LD IX,0x811b
10ad	fd211b81	LD IY,0x811b
10b1	32b181	LD (0x81b1),A
10b4	ed530180	LD (0x8001),DE
10b8	c3f10f	JP 0x0ff1
10bb	217c82	LD HL,0x827c
10be	7e	LD A,(HL)
10bf	23	INC HL
10c0	46	LD B,(HL)
10c1	23	INC HL
10c2	4e	LD C,(HL)
10c3	2af513	LD HL,(0x13f5)
10c6	115f14	LD DE,0x145f
10c9	dd212481	LD IX,0x8124
10cd	fd212481	LD IY,0x8124
10d1	32b181	LD (0x81b1),A
10d4	ed530180	LD (0x8001),DE
10d8	c3f10f	JP 0x0ff1
10db	c32910	JP 0x1029
10f8	218282	LD HL,0x8282
10fb	7e	LD A,(HL)
10fc	23	INC HL
10fd	46	LD B,(HL)
10fe	23	INC HL
10ff	4e	LD C,(HL)
1100	2af913	LD HL,(0x13f9)
1103	119f14	LD DE,0x149f
1106	dd213681	LD IX,0x8136
110a	fd213681	LD IY,0x8136
110e	32b181	LD (0x81b1),A
1111	ed530180	LD (0x8001),DE
1115	c3f10f	JP 0x0ff1
1118	218582	LD HL,0x8285
111b	7e	LD A,(HL)
111c	23	INC HL
111d	46	LD B,(HL)
111e	23	INC HL
111f	4e	LD C,(HL)
1120	2afb13	LD HL,(0x13fb)
1123	11a714	LD DE,0x14a7
1126	dd213f81	LD IX,0x813f
112a	fd213f81	LD IY,0x813f
112e	32b181	LD (0x81b1),A
1131	ed530180	LD (0x8001),DE
1135	c3f10f	JP 0x0ff1
1138	218882	LD HL,0x8288
113b	7e	LD A,(HL)
113c	23	INC HL
113d	46	LD B,(HL)
113e	23	INC HL
113f	4e	LD C,(HL)
1140	2afd13	LD HL,(0x13fd)
1143	11ab14	LD DE,0x14ab
1146	dd214881	LD IX,0x8148
114a	fd214881	LD IY,0x8148
114e	32b181	LD (0x81b1),A
1151	ed530180	LD (0x8001),DE
1155	c3f10f	JP 0x0ff1
1158	218b82	LD HL,0x828b
115b	7e	LD A,(HL)
115c	23	INC HL
115d	46	LD B,(HL)
115e	23	INC HL
115f	4e	LD C,(HL)
1160	2aff13	LD HL,(0x13ff)
1163	11af14	LD DE,0x14af
1166	dd215181	LD IX,0x8151
116a	fd215181	LD IY,0x8151
116e	32b181	LD (0x81b1),A
1171	ed530180	LD (0x8001),DE
1175	c3f10f	JP 0x0ff1
1178	218e82	LD HL,0x828e
117b	7e	LD A,(HL)
117c	23	INC HL
117d	46	LD B,(HL)
117e	23	INC HL
117f	4e	LD C,(HL)
1181	011411	LD BC,0x1114
1184	b3	OR E
1185	14	INC D
1186	dd215a81	LD IX,0x815a
118a	fd215a81	LD IY,0x815a
118e	32b181	LD (0x81b1),A
1191	ed530180	LD (0x8001),DE
1195	c3f10f	JP 0x0ff1
1198	1100a8	LD DE,0xa800
119b	ed52	SBC HL,DE
119d	7d	LD A,L
119e	010006	LD BC,0x600
11a1	e6e0	AND 0xe0
11a3	6f	LD L,A
11a4	7c	LD A,H
11a5	e604	AND 0x4
11a7	cab011	JP Z,0x11b0
11aa	cb01	RLC C
11ac	0c	INC C
11ad	c3b211	JP 0x11b2
11b0	cb01	RLC C
11b2	cb05	RLC L
11b4	cb14	RL H
11b6	10ec	DJNZ 0x11a4
11b8	cb01	RLC C
11ba	cb01	RLC C
11bc	cb01	RLC C
11be	c9	RET
11bf	3acd83	LD A,(0x83cd)
11c2	b7	OR A
11c3	c0	RET NZ
11c4	3a0480	LD A,(0x8004)
11c7	a7	AND A
11c8	c0	RET NZ
11c9	214780	LD HL,0x8047
11cc	7e	LD A,(HL)
11cd	4f	LD C,A
11ce	e60f	AND 0xf
11d0	fe09	CP 0x9
11d2	d20912	JP NC,0x1209
11d5	79	LD A,C
11d6	e6f0	AND 0xf0
11d8	0f	RRCA
11d9	0f	RRCA
11da	0f	RRCA
11db	0f	RRCA
11dc	6f	LD L,A
11dd	2600	LD H,0x0
11df	01e911	LD BC,0x11e9
11e2	29	ADD HL,HL
11e3	09	ADD HL,BC
11e4	4e	LD C,(HL)
11e5	23	INC HL
11e6	66	LD H,(HL)
11e7	69	LD L,C
11e8	e9	JP (HL)
1209	c3e412	JP 0x12e4
120c	c3e412	JP 0x12e4
120f	c3e412	JP 0x12e4
1212	210081	LD HL,0x8100
1215	0e3c	LD C,0x3c
1217	c37012	JP 0x1270
121a	210981	LD HL,0x8109
121d	0e1f	LD C,0x1f
121f	c37012	JP 0x1270
1222	211281	LD HL,0x8112
1225	0e5c	LD C,0x5c
1227	c37012	JP 0x1270
122a	211b81	LD HL,0x811b
122d	0e2c	LD C,0x2c
122f	c37012	JP 0x1270
1232	212481	LD HL,0x8124
1235	0e2f	LD C,0x2f
1237	c37012	JP 0x1270
123a	c3e412	JP 0x12e4
1242	213681	LD HL,0x8136
1245	0e22	LD C,0x22
1247	c37012	JP 0x1270
124a	213f81	LD HL,0x813f
124d	0e12	LD C,0x12
124f	c37012	JP 0x1270
1252	214881	LD HL,0x8148
1255	0e12	LD C,0x12
1257	c37012	JP 0x1270
125a	215181	LD HL,0x8151
125d	0e12	LD C,0x12
125f	c37012	JP 0x1270
1262	215a81	LD HL,0x815a
1265	0e12	LD C,0x12
1267	c37012	JP 0x1270
126a	c3e412	JP 0x12e4
126d	c3e412	JP 0x12e4
1270	3a4780	LD A,(0x8047)
1273	fe80	CP 0x80
1275	da9912	JP C,0x1299
1278	3a4480	LD A,(0x8044)
127b	c603	ADD A,0x3
127d	57	LD D,A
127e	81	ADD A,C
127f	5f	LD E,A
1280	46	LD B,(HL)
1281	daa112	JP C,0x12a1
1284	23	INC HL
1285	7e	LD A,(HL)
1286	ba	CP D
1287	dab612	JP C,0x12b6
128a	bb	CP E
128b	d2b612	JP NC,0x12b6
128e	3a4780	LD A,(0x8047)
1291	fe80	CP 0x80
1293	dae412	JP C,0x12e4
1296	c3d012	JP 0x12d0
1299	3a4480	LD A,(0x8044)
129c	c60c	ADD A,0xc
129e	c37d12	JP 0x127d
12a1	23	INC HL
12a2	7e	LD A,(HL)
12a3	ba	CP D
12a4	d2ab12	JP NC,0x12ab
12a7	bb	CP E
12a8	d2c312	JP NC,0x12c3
12ab	3a4780	LD A,(0x8047)
12ae	fe80	CP 0x80
12b0	dae412	JP C,0x12e4
12b3	c3d012	JP 0x12d0
12b6	10cc	DJNZ 0x1284
12b8	3a4780	LD A,(0x8047)
12bb	fe80	CP 0x80
12bd	dad012	JP C,0x12d0
12c0	c3e412	JP 0x12e4
12c3	10dc	DJNZ 0x12a1
12c5	3a4780	LD A,(0x8047)
12c8	fe80	CP 0x80
12ca	dad012	JP C,0x12d0
12cd	c3e412	JP 0x12e4
12d0	3e01	LD A,0x1
12d2	320480	LD (0x8004),A
12d5	3a4780	LD A,(0x8047)
12d8	fe80	CP 0x80
12da	d0	RET NC
12db	fe30	CP 0x30
12dd	d8	RET C
12de	3e01	LD A,0x1
12e0	329c82	LD (0x829c),A
12e3	c9	RET
12e4	3a0480	LD A,(0x8004)
12e7	a7	AND A
12e8	c0	RET NZ
12e9	214780	LD HL,0x8047
12ec	7e	LD A,(HL)
12ed	c60f	ADD A,0xf
12ef	4f	LD C,A
12f0	e60f	AND 0xf
12f2	fe05	CP 0x5
12f4	da2b13	JP C,0x132b
12f7	79	LD A,C
12f8	e6f0	AND 0xf0
12fa	0f	RRCA
12fb	0f	RRCA
12fc	0f	RRCA
12fd	0f	RRCA
12fe	6f	LD L,A
12ff	2600	LD H,0x0
1301	010b13	LD BC,0x130b
1304	29	ADD HL,HL
1305	09	ADD HL,BC
1306	4e	LD C,(HL)
1307	23	INC HL
1308	66	LD H,(HL)
1309	69	LD L,C
130a	e9	JP (HL)
132b	c3e113	JP 0x13e1
132e	c3e113	JP 0x13e1
1331	c3e113	JP 0x13e1
1334	210081	LD HL,0x8100
1337	0e3c	LD C,0x3c
1339	c38f13	JP 0x138f
133c	210981	LD HL,0x8109
133f	0e1f	LD C,0x1f
1341	c38f13	JP 0x138f
1344	211281	LD HL,0x8112
1347	0e5c	LD C,0x5c
1349	c38f13	JP 0x138f
134c	211b81	LD HL,0x811b
134f	0e2c	LD C,0x2c
1351	c38f13	JP 0x138f
1354	212481	LD HL,0x8124
1357	0e2f	LD C,0x2f
1359	c38f13	JP 0x138f
135c	c3e113	JP 0x13e1
1364	213681	LD HL,0x8136
1367	0e22	LD C,0x22
1369	c38f13	JP 0x138f
136c	213f81	LD HL,0x813f
136f	0e12	LD C,0x12
1371	c38f13	JP 0x138f
1374	214881	LD HL,0x8148
1377	0e12	LD C,0x12
1379	c38f13	JP 0x138f
137c	215181	LD HL,0x8151
137f	0e12	LD C,0x12
1381	c38f13	JP 0x138f
1384	215a81	LD HL,0x815a
1387	0e12	LD C,0x12
1389	c38f13	JP 0x138f
138c	c3e113	JP 0x13e1
138f	3a2f80	LD A,(0x802f)
1392	fe80	CP 0x80
1394	dab913	JP C,0x13b9
1397	3a4480	LD A,(0x8044)
139a	c603	ADD A,0x3
139c	57	LD D,A
139d	81	ADD A,C
139e	5f	LD E,A
139f	46	LD B,(HL)
13a0	dac113	JP C,0x13c1
13a3	23	INC HL
13a4	7e	LD A,(HL)
13a5	ba	CP D
13a6	dad713	JP C,0x13d7
13a9	bb	CP E
13aa	d2d713	JP NC,0x13d7
13ad	3a4780	LD A,(0x8047)
13b0	fe80	CP 0x80
13b2	d8	RET C
13b3	3e01	LD A,0x1
13b5	320480	LD (0x8004),A
13b8	c9	RET
13b9	3a4480	LD A,(0x8044)
13bc	c60c	ADD A,0xc
13be	c39c13	JP 0x139c
13c1	23	INC HL
13c2	7e	LD A,(HL)
13c3	ba	CP D
13c4	d2cb13	JP NC,0x13cb
13c7	bb	CP E
13c8	d2e213	JP NC,0x13e2
13cb	3a4780	LD A,(0x8047)
13ce	fe80	CP 0x80
13d0	d8	RET C
13d1	3e01	LD A,0x1
13d3	320480	LD (0x8004),A
13d6	c9	RET
13d7	10ca	DJNZ 0x13a3
13d9	3a4780	LD A,(0x8047)
13dc	fe80	CP 0x80
13de	dad012	JP C,0x12d0
13e1	c9	RET
13e2	10dd	DJNZ 0x13c1
13e4	3a4780	LD A,(0x8047)
13e7	fe80	CP 0x80
13e9	dad012	JP C,0x12d0
13ec	c9	RET
13f1	0a	LD A,(BC)
13f2	a8	XOR B
13f3	0c	INC C
13f4	a8	XOR B
149f	ac	XOR H
14a0	ad	XOR L
14a1	ae	XOR (HL)
14a2	af	XOR A
14a3	a8	XOR B
14a4	a9	XOR C
14a5	aa	XOR D
14a6	ab	XOR E
14a7	a0	AND B
14a8	a1	AND C
14a9	a2	AND D
14aa	a3	AND E
14ab	3031	JR NC,0x14de
14ad	3233a4	LD (0xa433),A
14b0	a5	AND L
14b1	a6	AND (HL)
14b2	a7	AND A
14b3	50	LD D,B
14b4	51	LD D,C
14b5	52	LD D,D
14b6	53	LD D,E
14b7	3aff80	LD A,(0x80ff)
14ba	01c714	LD BC,0x14c7
14bd	2600	LD H,0x0
14bf	87	ADD A,A
14c0	6f	LD L,A
14c1	09	ADD HL,BC
14c2	4e	LD C,(HL)
14c3	23	INC HL
14c4	66	LD H,(HL)
14c5	69	LD L,C
14c6	e9	JP (HL)
14dd	219b81	LD HL,0x819b
14ee	219c81	LD HL,0x819c
14ff	219d81	LD HL,0x819d
1510	219e81	LD HL,0x819e
1521	219f81	LD HL,0x819f
1532	c3de15	JP 0x15de
1543	21a181	LD HL,0x81a1
1554	21a281	LD HL,0x81a2
1565	21a381	LD HL,0x81a3
1576	21a481	LD HL,0x81a4
1587	21a581	LD HL,0x81a5
15da	fd360000	LD (IY+0x0),0x0
15de	21ff80	LD HL,0x80ff
15e1	34	INC (HL)
15e2	7e	LD A,(HL)
15e3	fe0b	CP 0xb
15e5	dab714	JP C,0x14b7
15e8	3600	LD (HL),0x0
15ea	c9	RET
163e	fd7e00	LD A,(IY+0x0)
1641	4f	LD C,A
1642	a7	AND A
1643	c2e616	JP NZ,0x16e6
1646	7e	LD A,(HL)
1647	47	LD B,A
1648	e60f	AND 0xf
164a	4f	LD C,A
164b	78	LD A,B
164c	e610	AND 0x10
164e	c2e616	JP NZ,0x16e6
1651	1a	LD A,(DE)
1652	47	LD B,A
1653	13	INC DE
1654	1a	LD A,(DE)
1655	91	SUB C
1656	12	LD (DE),A
1657	10fa	DJNZ 0x1653
1659	dd7e00	LD A,(IX+0x0)
165c	91	SUB C
165d	dd7700	LD (IX+0x0),A
1660	dd7702	LD (IX+0x2),A
1663	3a4780	LD A,(0x8047)
1666	fe73	CP 0x73
1668	d27816	JP NC,0x1678
166b	47	LD B,A
166c	e60f	AND 0xf
166e	fe03	CP 0x3
1670	da8916	JP C,0x1689
1673	fe0c	CP 0xc
1675	d2b516	JP NC,0x16b5
1678	fd360000	LD (IY+0x0),0x0
167c	21ff80	LD HL,0x80ff
167f	34	INC (HL)
1680	7e	LD A,(HL)
1681	fe0b	CP 0xb
1683	dab714	JP C,0x14b7
1686	3600	LD (HL),0x0
1688	c9	RET
1689	78	LD A,B
168a	e6f0	AND 0xf0
168c	08	EX AF,AF_
168d	08	EX AF,AF_
168e	d630	SUB 0x30
1690	0f	RRCA
1691	0f	RRCA
1692	0f	RRCA
1693	0f	RRCA
1694	47	LD B,A
1695	3aff80	LD A,(0x80ff)
1698	b8	CP B
1699	c27816	JP NZ,0x1678
169c	3a4480	LD A,(0x8044)
169f	91	SUB C
16a0	324480	LD (0x8044),A
16a3	fe08	CP 0x8
16a5	daad16	JP C,0x16ad
16a8	fee7	CP 0xe7
16aa	da7816	JP C,0x1678
16ad	3e01	LD A,0x1
16af	320480	LD (0x8004),A
16b2	c37816	JP 0x1678
16b5	78	LD A,B
16b6	e6f0	AND 0xf0
16b8	c610	ADD A,0x10
16ba	08	EX AF,AF_
16bb	08	EX AF,AF_
16bc	d630	SUB 0x30
16be	0f	RRCA
16bf	0f	RRCA
16c0	0f	RRCA
16c1	0f	RRCA
16c2	47	LD B,A
16c3	3aff80	LD A,(0x80ff)
16c6	b8	CP B
16c7	c27816	JP NZ,0x1678
16ca	3a4480	LD A,(0x8044)
16cd	91	SUB C
16ce	324480	LD (0x8044),A
16d1	c37816	JP 0x1678
16d4	79	LD A,C
16d5	fe01	CP 0x1
16d7	c2df16	JP NZ,0x16df
16da	0e01	LD C,0x1
16dc	c3ab15	JP 0x15ab
16df	0d	DEC C
16e0	fd7100	LD (IY+0x0),C
16e3	c3de15	JP 0x15de
16e6	79	LD A,C
16e7	fe01	CP 0x1
16e9	c2f116	JP NZ,0x16f1
16ec	0e01	LD C,0x1
16ee	c35116	JP 0x1651
16f1	0d	DEC C
16f2	fd7100	LD (IY+0x0),C
16f5	c37c16	JP 0x167c
16f8	3a0480	LD A,(0x8004)
16fb	a7	AND A
16fc	c8	RET Z
16fd	3a5081	LD A,(0x8150)
1700	cb47	BIT 0x0,A
1702	2805	JR Z,0x1709
1704	3e01	LD A,0x1
1706	321881	LD (0x8118),A
1709	3a2081	LD A,(0x8120)
170c	a7	AND A
170d	2803	JR Z,0x1712
170f	322181	LD (0x8121),A
1712	cdce25	CALL 0x25ce
1715	cdb327	CALL 0x27b3
1718	3a4782	LD A,(0x8247)
171b	3c	INC A
171c	324782	LD (0x8247),A
171f	d610	SUB 0x10
1721	c0	RET NZ
1722	324782	LD (0x8247),A
1725	3e07	LD A,0x7
1727	324680	LD (0x8046),A
172a	214480	LD HL,0x8044
172d	3ab281	LD A,(0x81b2)
1730	3c	INC A
1731	32b281	LD (0x81b2),A
1734	4f	LD C,A
1735	3a9c82	LD A,(0x829c)
1738	a7	AND A
1739	c27d17	JP NZ,0x177d
173c	79	LD A,C
173d	fe06	CP 0x6
173f	2044	JR NZ,0x1785
1741	cd0408	CALL 0x0804
1744	af	XOR A
1745	32b281	LD (0x81b2),A
1748	320480	LD (0x8004),A
174b	324782	LD (0x8247),A
174e	326982	LD (0x8269),A
1751	329c82	LD (0x829c),A
1754	214882	LD HL,0x8248
1757	114982	LD DE,0x8249
175a	010b00	LD BC,0xb
175d	77	LD (HL),A
175e	edb0	LDIR
1760	3c	INC A
1761	32ce83	LD (0x83ce),A
1764	3ad683	LD A,(0x83d6)
1767	3d	DEC A
1768	2012	JR NZ,0x177c
176a	3afe83	LD A,(0x83fe)
176d	a7	AND A
176e	200c	JR NZ,0x177c
1770	32d683	LD (0x83d6),A
1773	329982	LD (0x8299),A
1776	329a82	LD (0x829a),A
1779	325b82	LD (0x825b),A
177c	c9	RET
177d	79	LD A,C
177e	fe05	CP 0x5
1780	2003	JR NZ,0x1785
1782	c34117	JP 0x1741
1785	3a9c82	LD A,(0x829c)
1788	a7	AND A
1789	c2c417	JP NZ,0x17c4
178c	23	INC HL
178d	3ab281	LD A,(0x81b2)
1790	3d	DEC A
1791	280b	JR Z,0x179e
1793	3d	DEC A
1794	2815	JR Z,0x17ab
1796	3d	DEC A
1797	2815	JR Z,0x17ae
1799	3d	DEC A
179a	2815	JR Z,0x17b1
179c	1816	JR 0x17b4
179e	3639	LD (HL),0x39
17a0	af	XOR A
17a1	67	LD H,A
17a2	6f	LD L,A
17a3	228283	LD (0x8382),HL
17a6	df	RST 0x0018
17a7	3e03	LD A,0x3
17a9	df	RST 0x0018
17aa	c9	RET
17ab	3639	LD (HL),0x39
17ad	c9	RET
17ae	363a	LD (HL),0x3a
17b0	c9	RET
17b1	363b	LD (HL),0x3b
17b3	c9	RET
17b4	363c	LD (HL),0x3c
17b6	af	XOR A
17b7	32ae83	LD (0x83ae),A
17ba	cd5628	CALL 0x2856
17bd	21d800	LD HL,0xd8
17c0	228283	LD (0x8382),HL
17c3	c9	RET
17c4	23	INC HL
17c5	3ab281	LD A,(0x81b2)
17c8	3d	DEC A
17c9	2808	JR Z,0x17d3
17cb	3d	DEC A
17cc	2812	JR Z,0x17e0
17ce	3d	DEC A
17cf	2812	JR Z,0x17e3
17d1	1813	JR 0x17e6
17d3	3622	LD (HL),0x22
17d5	af	XOR A
17d6	67	LD H,A
17d7	6f	LD L,A
17d8	228283	LD (0x8382),HL
17db	df	RST 0x0018
17dc	3e02	LD A,0x2
17de	df	RST 0x0018
17df	c9	RET
17e0	3623	LD (HL),0x23
17e2	c9	RET
17e3	3624	LD (HL),0x24
17e5	c9	RET
17e6	363c	LD (HL),0x3c
17e8	af	XOR A
17e9	32ae83	LD (0x83ae),A
17ec	321081	LD (0x8110),A
17ef	320781	LD (0x8107),A
17f2	321a81	LD (0x811a),A
17f5	321981	LD (0x8119),A
17f8	cd5628	CALL 0x2856
17fb	21d800	LD HL,0xd8
17fe	228283	LD (0x8382),HL
1801	c9	RET
1802	3a4f81	LD A,(0x814f)
1805	a7	AND A
1806	c0	RET NZ
1807	3a5b81	LD A,(0x815b)
180a	a7	AND A
180b	c0	RET NZ
180c	3ab481	LD A,(0x81b4)
180f	a7	AND A
1810	c23218	JP NZ,0x1832
1813	67	LD H,A
1814	3ab381	LD A,(0x81b3)
1817	6f	LD L,A
1818	114118	LD DE,0x1841
181b	29	ADD HL,HL
181c	19	ADD HL,DE
181d	4e	LD C,(HL)
181e	23	INC HL
181f	66	LD H,(HL)
1820	69	LD L,C
1821	eb	EX DE,HL
1822	21b381	LD HL,0x81b3
1825	34	INC (HL)
1826	7e	LD A,(HL)
1827	23	INC HL
1828	3615	LD (HL),0x15
182a	d60a	SUB 0xa
182c	c23718	JP NZ,0x1837
182f	2b	DEC HL
1830	77	LD (HL),A
1831	c9	RET
1832	21b481	LD HL,0x81b4
1835	35	DEC (HL)
1836	c9	RET
1837	eb	EX DE,HL
1838	119b81	LD DE,0x819b
183b	010b00	LD BC,0xb
183e	edb0	LDIR
1840	c9	RET
1952	2143a8	LD HL,0xa843
1955	0e05	LD C,0x5
1957	11f619	LD DE,0x19f6
195a	0604	LD B,0x4
195c	1a	LD A,(DE)
195d	77	LD (HL),A
195e	13	INC DE
195f	c5	PUSH BC
1960	012000	LD BC,0x20
1963	09	ADD HL,BC
1964	c1	POP BC
1965	10f5	DJNZ 0x195c
1967	114000	LD DE,0x40
196a	19	ADD HL,DE
196b	0d	DEC C
196c	c25719	JP NZ,0x1957
196f	21a4a8	LD HL,0xa8a4
1972	0e04	LD C,0x4
1974	11fa19	LD DE,0x19fa
1977	0604	LD B,0x4
1979	1a	LD A,(DE)
197a	77	LD (HL),A
197b	13	INC DE
197c	c5	PUSH BC
197d	012000	LD BC,0x20
1980	09	ADD HL,BC
1981	c1	POP BC
1982	10f5	DJNZ 0x1979
1984	114000	LD DE,0x40
1987	19	ADD HL,DE
1988	0d	DEC C
1989	c27419	JP NZ,0x1974
198c	21a5a8	LD HL,0xa8a5
198f	0e04	LD C,0x4
1991	11fe19	LD DE,0x19fe
1994	0604	LD B,0x4
1996	1a	LD A,(DE)
1997	77	LD (HL),A
1998	13	INC DE
1999	c5	PUSH BC
199a	012000	LD BC,0x20
199d	09	ADD HL,BC
199e	c1	POP BC
199f	10f5	DJNZ 0x1996
19a1	114000	LD DE,0x40
19a4	19	ADD HL,DE
19a5	0d	DEC C
19a6	c29119	JP NZ,0x1991
19a9	21c3a8	LD HL,0xa8c3
19ac	0604	LD B,0x4
19ae	3647	LD (HL),0x47
19b0	112000	LD DE,0x20
19b3	19	ADD HL,DE
19b4	3647	LD (HL),0x47
19b6	11a000	LD DE,0xa0
19b9	19	ADD HL,DE
19ba	10f2	DJNZ 0x19ae
19bc	2144a8	LD HL,0xa844
19bf	3641	LD (HL),0x41
19c1	23	INC HL
19c2	3642	LD (HL),0x42
19c4	015f03	LD BC,0x35f
19c7	09	ADD HL,BC
19c8	3645	LD (HL),0x45
19ca	23	INC HL
19cb	3646	LD (HL),0x46
19cd	215ca8	LD HL,0xa85c
19d0	cde219	CALL 0x19e2
19d3	210780	LD HL,0x8007
19d6	3e01	LD A,0x1
19d8	77	LD (HL),A
19d9	2c	INC L
19da	2c	INC L
19db	77	LD (HL),A
19dc	2c	INC L
19dd	2c	INC L
19de	77	LD (HL),A
19df	c3021a	JP 0x1a02
19e2	060e	LD B,0xe
19e4	3648	LD (HL),0x48
19e6	23	INC HL
19e7	3649	LD (HL),0x49
19e9	111f00	LD DE,0x1f
19ec	19	ADD HL,DE
19ed	364a	LD (HL),0x4a
19ef	23	INC HL
19f0	364b	LD (HL),0x4b
19f2	19	ADD HL,DE
19f3	10ef	DJNZ 0x19e4
19f5	c9	RET
1a02	3e05	LD A,0x5
1a04	322580	LD (0x8025),A
1a07	322780	LD (0x8027),A
1a0a	3e04	LD A,0x4
1a0c	322d80	LD (0x802d),A
1a0f	322f80	LD (0x802f),A
1a12	3e07	LD A,0x7
1a14	323580	LD (0x8035),A
1a17	323780	LD (0x8037),A
1a1a	3e06	LD A,0x6
1a1c	322180	LD (0x8021),A
1a1f	322380	LD (0x8023),A
1a22	323980	LD (0x8039),A
1a25	323b80	LD (0x803b),A
1a28	3e05	LD A,0x5
1a2a	060a	LD B,0xa
1a2c	210d80	LD HL,0x800d
1a2f	77	LD (HL),A
1a30	23	INC HL
1a31	23	INC HL
1a32	10fb	DJNZ 0x1a2f
1a34	322980	LD (0x8029),A
1a37	322b80	LD (0x802b),A
1a3a	323180	LD (0x8031),A
1a3d	323380	LD (0x8033),A
1a40	3e02	LD A,0x2
1a42	320d80	LD (0x800d),A
1a45	320f80	LD (0x800f),A
1a48	321580	LD (0x8015),A
1a4b	321780	LD (0x8017),A
1a4e	321980	LD (0x8019),A
1a51	321b80	LD (0x801b),A
1a54	c9	RET
1a55	3afe83	LD A,(0x83fe)
1a58	b7	OR A
1a59	2834	JR Z,0x1a8f
1a5b	cdbb28	CALL 0x28bb
1a5e	cd1d29	CALL 0x291d
1a61	cdea27	CALL 0x27ea
1a64	cda626	CALL 0x26a6
1a67	cd0629	CALL 0x2906
1a6a	3a4083	LD A,(0x8340)
1a6d	a7	AND A
1a6e	c49f1a	CALL NZ,0x1a9f
1a71	cdeb23	CALL 0x23eb
1a74	3ab783	LD A,(0x83b7)
1a77	cb47	BIT 0x0,A
1a79	caad1a	JP Z,0x1aad
1a7c	3a2281	LD A,(0x8122)
1a7f	3c	INC A
1a80	322281	LD (0x8122),A
1a83	a7	AND A
1a84	ccfa23	CALL Z,0x23fa
1a87	3a2281	LD A,(0x8122)
1a8a	fe70	CP 0x70
1a8c	ccce25	CALL Z,0x25ce
1a8f	3a4780	LD A,(0x8047)
1a92	fe31	CP 0x31
1a94	daff1c	JP C,0x1cff
1a97	3afe83	LD A,(0x83fe)
1a9a	b7	OR A
1a9b	c8	RET Z
1a9c	c3cb1a	JP 0x1acb
1a9f	3d	DEC A
1aa0	324083	LD (0x8340),A
1aa3	fe01	CP 0x1
1aa5	c0	RET NZ
1aa6	cd9a26	CALL 0x269a
1aa9	cdde27	CALL 0x27de
1aac	c9	RET
1aad	3a2281	LD A,(0x8122)
1ab0	3c	INC A
1ab1	322281	LD (0x8122),A
1ab4	a7	AND A
1ab5	cc9624	CALL Z,0x2496
1ab8	3a2281	LD A,(0x8122)
1abb	fe50	CP 0x50
1abd	cc3225	CALL Z,0x2532
1ac0	3a2281	LD A,(0x8122)
1ac3	feb0	CP 0xb0
1ac5	ccce25	CALL Z,0x25ce
1ac8	c38f1a	JP 0x1a8f
1acb	3a6c82	LD A,(0x826c)
1ace	a7	AND A
1acf	c0	RET NZ
1ad0	3a6882	LD A,(0x8268)
1ad3	a7	AND A
1ad4	2808	JR Z,0x1ade
1ad6	3d	DEC A
1ad7	326882	LD (0x8268),A
1ada	cdeb23	CALL 0x23eb
1add	c9	RET
1ade	3a0480	LD A,(0x8004)
1ae1	a7	AND A
1ae2	c0	RET NZ
1ae3	214480	LD HL,0x8044
1ae6	114780	LD DE,0x8047
1ae9	3a04e0	LD A,(0xe004)
1aec	cb5f	BIT 0x3,A
1aee	2807	JR Z,0x1af7
1af0	3afd83	LD A,(0x83fd)
1af3	3d	DEC A
1af4	c2741b	JP NZ,0x1b74
1af7	3a00e0	LD A,(0xe000)
1afa	4f	LD C,A
1afb	3a4882	LD A,(0x8248)
1afe	a7	AND A
1aff	c2ba1b	JP NZ,0x1bba
1b02	3a04e0	LD A,(0xe004)
1b05	cb5f	BIT 0x3,A
1b07	2807	JR Z,0x1b10
1b09	3afd83	LD A,(0x83fd)
1b0c	3d	DEC A
1b0d	c27b1b	JP NZ,0x1b7b
1b10	3a04e0	LD A,(0xe004)
1b13	cb77	BIT 0x6,A
1b15	ca8b1b	JP Z,0x1b8b
1b18	af	XOR A
1b19	324c82	LD (0x824c),A
1b1c	325082	LD (0x8250),A
1b1f	3a4982	LD A,(0x8249)
1b22	a7	AND A
1b23	c20d1c	JP NZ,0x1c0d
1b26	3a4a82	LD A,(0x824a)
1b29	47	LD B,A
1b2a	3a4b82	LD A,(0x824b)
1b2d	80	ADD A,B
1b2e	201d	JR NZ,0x1b4d
1b30	3a04e0	LD A,(0xe004)
1b33	cb5f	BIT 0x3,A
1b35	2807	JR Z,0x1b3e
1b37	3afd83	LD A,(0x83fd)
1b3a	3d	DEC A
1b3b	c2831b	JP NZ,0x1b83
1b3e	3a04e0	LD A,(0xe004)
1b41	cb67	BIT 0x4,A
1b43	cae41b	JP Z,0x1be4
1b46	af	XOR A
1b47	324d82	LD (0x824d),A
1b4a	325182	LD (0x8251),A
1b4d	3a4a82	LD A,(0x824a)
1b50	a7	AND A
1b51	c2761c	JP NZ,0x1c76
1b54	cb61	BIT 0x4,C
1b56	ca411c	JP Z,0x1c41
1b59	af	XOR A
1b5a	324e82	LD (0x824e),A
1b5d	325282	LD (0x8252),A
1b60	3a4b82	LD A,(0x824b)
1b63	a7	AND A
1b64	c2d51c	JP NZ,0x1cd5
1b67	cb69	BIT 0x5,C
1b69	caa01c	JP Z,0x1ca0
1b6c	af	XOR A
1b6d	324f82	LD (0x824f),A
1b70	325382	LD (0x8253),A
1b73	c9	RET
1b74	3a02e0	LD A,(0xe002)
1b77	4f	LD C,A
1b78	c3fb1a	JP 0x1afb
1b7b	3a04e0	LD A,(0xe004)
1b7e	cb47	BIT 0x0,A
1b80	c3151b	JP 0x1b15
1b83	3a00e0	LD A,(0xe000)
1b86	cb47	BIT 0x0,A
1b88	c3431b	JP 0x1b43
1b8b	3a4780	LD A,(0x8047)
1b8e	fef0	CP 0xf0
1b90	d0	RET NC
1b91	3a5082	LD A,(0x8250)
1b94	a7	AND A
1b95	2010	JR NZ,0x1ba7
1b97	3e04	LD A,0x4
1b99	df	RST 0x0018
1b9a	23	INC HL
1b9b	7e	LD A,(HL)
1b9c	2b	DEC HL
1b9d	fede	CP 0xde
1b9f	cab41b	JP Z,0x1bb4
1ba2	3ede	LD A,0xde
1ba4	324580	LD (0x8045),A
1ba7	3a5082	LD A,(0x8250)
1baa	3c	INC A
1bab	325082	LD (0x8250),A
1bae	b7	OR A
1baf	c8	RET Z
1bb0	af	XOR A
1bb1	325082	LD (0x8250),A
1bb4	3a5682	LD A,(0x8256)
1bb7	325082	LD (0x8250),A
1bba	3a4c82	LD A,(0x824c)
1bbd	a7	AND A
1bbe	c0	RET NZ
1bbf	3c	INC A
1bc0	324882	LD (0x8248),A
1bc3	3a5082	LD A,(0x8250)
1bc6	3d	DEC A
1bc7	325082	LD (0x8250),A
1bca	c2d81b	JP NZ,0x1bd8
1bcd	324882	LD (0x8248),A
1bd0	3c	INC A
1bd1	324c82	LD (0x824c),A
1bd4	23	INC HL
1bd5	36de	LD (HL),0xde
1bd7	c9	RET
1bd8	eb	EX DE,HL
1bd9	3a5482	LD A,(0x8254)
1bdc	86	ADD A,(HL)
1bdd	77	LD (HL),A
1bde	eb	EX DE,HL
1bdf	23	INC HL
1be0	3edc	LD A,0xdc
1be2	77	LD (HL),A
1be3	c9	RET
1be4	3a5182	LD A,(0x8251)
1be7	a7	AND A
1be8	2010	JR NZ,0x1bfa
1bea	3e04	LD A,0x4
1bec	df	RST 0x0018
1bed	23	INC HL
1bee	7e	LD A,(HL)
1bef	2b	DEC HL
1bf0	fe1e	CP 0x1e
1bf2	ca071c	JP Z,0x1c07
1bf5	3e1e	LD A,0x1e
1bf7	324580	LD (0x8045),A
1bfa	3a5182	LD A,(0x8251)
1bfd	3c	INC A
1bfe	325182	LD (0x8251),A
1c01	b7	OR A
1c02	c8	RET Z
1c03	af	XOR A
1c04	325182	LD (0x8251),A
1c07	3a5782	LD A,(0x8257)
1c0a	325182	LD (0x8251),A
1c0d	cdeb23	CALL 0x23eb
1c10	3a4d82	LD A,(0x824d)
1c13	a7	AND A
1c14	c0	RET NZ
1c15	3c	INC A
1c16	324982	LD (0x8249),A
1c19	3a5182	LD A,(0x8251)
1c1c	3d	DEC A
1c1d	325182	LD (0x8251),A
1c20	c2331c	JP NZ,0x1c33
1c23	324982	LD (0x8249),A
1c26	3c	INC A
1c27	324d82	LD (0x824d),A
1c2a	23	INC HL
1c2b	361e	LD (HL),0x1e
1c2d	d5	PUSH DE
1c2e	cdd61f	CALL 0x1fd6
1c31	d1	POP DE
1c32	c9	RET
1c33	eb	EX DE,HL
1c34	3a5482	LD A,(0x8254)
1c37	47	LD B,A
1c38	7e	LD A,(HL)
1c39	90	SUB B
1c3a	77	LD (HL),A
1c3b	eb	EX DE,HL
1c3c	23	INC HL
1c3d	3e1c	LD A,0x1c
1c3f	77	LD (HL),A
1c40	c9	RET
1c41	3a4780	LD A,(0x8047)
1c44	fe30	CP 0x30
1c46	d8	RET C
1c47	3a4480	LD A,(0x8044)
1c4a	fee0	CP 0xe0
1c4c	d0	RET NC
1c4d	3a5282	LD A,(0x8252)
1c50	a7	AND A
1c51	2010	JR NZ,0x1c63
1c53	3e04	LD A,0x4
1c55	df	RST 0x0018
1c56	23	INC HL
1c57	7e	LD A,(HL)
1c58	2b	DEC HL
1c59	fea1	CP 0xa1
1c5b	ca701c	JP Z,0x1c70
1c5e	3ea1	LD A,0xa1
1c60	324580	LD (0x8045),A
1c63	3a5282	LD A,(0x8252)
1c66	3c	INC A
1c67	325282	LD (0x8252),A
1c6a	b7	OR A
1c6b	c8	RET Z
1c6c	af	XOR A
1c6d	325282	LD (0x8252),A
1c70	3a5882	LD A,(0x8258)
1c73	325282	LD (0x8252),A
1c76	3a4e82	LD A,(0x824e)
1c79	a7	AND A
1c7a	c0	RET NZ
1c7b	3c	INC A
1c7c	324a82	LD (0x824a),A
1c7f	3a5282	LD A,(0x8252)
1c82	3d	DEC A
1c83	325282	LD (0x8252),A
1c86	c2941c	JP NZ,0x1c94
1c89	324a82	LD (0x824a),A
1c8c	3c	INC A
1c8d	324e82	LD (0x824e),A
1c90	23	INC HL
1c91	36a1	LD (HL),0xa1
1c93	c9	RET
1c94	3a5582	LD A,(0x8255)
1c97	47	LD B,A
1c98	7e	LD A,(HL)
1c99	80	ADD A,B
1c9a	77	LD (HL),A
1c9b	23	INC HL
1c9c	3e9f	LD A,0x9f
1c9e	77	LD (HL),A
1c9f	c9	RET
1ca0	3a4780	LD A,(0x8047)
1ca3	fe30	CP 0x30
1ca5	d8	RET C
1ca6	3a4480	LD A,(0x8044)
1ca9	fe20	CP 0x20
1cab	d8	RET C
1cac	3a5382	LD A,(0x8253)
1caf	a7	AND A
1cb0	2010	JR NZ,0x1cc2
1cb2	3e04	LD A,0x4
1cb4	df	RST 0x0018
1cb5	23	INC HL
1cb6	7e	LD A,(HL)
1cb7	2b	DEC HL
1cb8	fe21	CP 0x21
1cba	cacf1c	JP Z,0x1ccf
1cbd	3e21	LD A,0x21
1cbf	324580	LD (0x8045),A
1cc2	3a5382	LD A,(0x8253)
1cc5	3c	INC A
1cc6	325382	LD (0x8253),A
1cc9	b7	OR A
1cca	c8	RET Z
1ccb	af	XOR A
1ccc	325382	LD (0x8253),A
1ccf	3a5982	LD A,(0x8259)
1cd2	325382	LD (0x8253),A
1cd5	3a4f82	LD A,(0x824f)
1cd8	a7	AND A
1cd9	c0	RET NZ
1cda	3c	INC A
1cdb	324b82	LD (0x824b),A
1cde	3a5382	LD A,(0x8253)
1ce1	3d	DEC A
1ce2	325382	LD (0x8253),A
1ce5	c2f31c	JP NZ,0x1cf3
1ce8	324b82	LD (0x824b),A
1ceb	3c	INC A
1cec	324f82	LD (0x824f),A
1cef	23	INC HL
1cf0	3621	LD (HL),0x21
1cf2	c9	RET
1cf3	3a5582	LD A,(0x8255)
1cf6	47	LD B,A
1cf7	7e	LD A,(HL)
1cf8	90	SUB B
1cf9	77	LD (HL),A
1cfa	23	INC HL
1cfb	3e1f	LD A,0x1f
1cfd	77	LD (HL),A
1cfe	c9	RET
1cff	3a4480	LD A,(0x8044)
1d02	fe15	CP 0x15
1d04	da771d	JP C,0x1d77
1d07	fe1c	CP 0x1c
1d09	ca871d	JP Z,0x1d87
1d0c	da871d	JP C,0x1d87
1d0f	fe2e	CP 0x2e
1d11	da771d	JP C,0x1d77
1d14	fe35	CP 0x35
1d16	ca771d	JP Z,0x1d77
1d19	da771d	JP C,0x1d77
1d1c	fe45	CP 0x45
1d1e	da771d	JP C,0x1d77
1d21	fe4c	CP 0x4c
1d23	cad81d	JP Z,0x1dd8
1d26	dad81d	JP C,0x1dd8
1d29	fe5e	CP 0x5e
1d2b	da771d	JP C,0x1d77
1d2e	fe65	CP 0x65
1d30	ca771d	JP Z,0x1d77
1d33	da771d	JP C,0x1d77
1d36	fe75	CP 0x75
1d38	da771d	JP C,0x1d77
1d3b	fe7c	CP 0x7c
1d3d	ca291e	JP Z,0x1e29
1d40	da291e	JP C,0x1e29
1d43	fe8e	CP 0x8e
1d45	da771d	JP C,0x1d77
1d48	fe95	CP 0x95
1d4a	ca771d	JP Z,0x1d77
1d4d	da771d	JP C,0x1d77
1d50	fea5	CP 0xa5
1d52	da771d	JP C,0x1d77
1d55	feac	CP 0xac
1d57	ca7a1e	JP Z,0x1e7a
1d5a	da7a1e	JP C,0x1e7a
1d5d	febe	CP 0xbe
1d5f	da771d	JP C,0x1d77
1d62	fec5	CP 0xc5
1d64	ca771d	JP Z,0x1d77
1d67	da771d	JP C,0x1d77
1d6a	fed5	CP 0xd5
1d6c	da771d	JP C,0x1d77
1d6f	fedc	CP 0xdc
1d71	cacb1e	JP Z,0x1ecb
1d74	dacb1e	JP C,0x1ecb
1d77	3a4780	LD A,(0x8047)
1d7a	fe2a	CP 0x2a
1d7c	d2cb1a	JP NC,0x1acb
1d7f	3e01	LD A,0x1
1d81	320480	LD (0x8004),A
1d84	c3cb1a	JP 0x1acb
1d87	3afd83	LD A,(0x83fd)
1d8a	3d	DEC A
1d8b	203c	JR NZ,0x1dc9
1d8d	3a5e82	LD A,(0x825e)
1d90	a7	AND A
1d91	c0	RET NZ
1d92	3a4780	LD A,(0x8047)
1d95	fe2a	CP 0x2a
1d97	d2cb1a	JP NC,0x1acb
1d9a	0618	LD B,0x18
1d9c	3a2181	LD A,(0x8121)
1d9f	d601	SUB 0x1
1da1	cc7326	CALL Z,0x2673
1da4	2164ab	LD HL,0xab64
1da7	cd1c1f	CALL 0x1f1c
1daa	3a3481	LD A,(0x8134)
1dad	a7	AND A
1dae	2809	JR Z,0x1db9
1db0	0618	LD B,0x18
1db2	cdcb27	CALL 0x27cb
1db5	af	XOR A
1db6	323481	LD (0x8134),A
1db9	3afd83	LD A,(0x83fd)
1dbc	3d	DEC A
1dbd	200f	JR NZ,0x1dce
1dbf	3e01	LD A,0x1
1dc1	325e82	LD (0x825e),A
1dc4	215c82	LD HL,0x825c
1dc7	34	INC (HL)
1dc8	c9	RET
1dc9	3a6382	LD A,(0x8263)
1dcc	18c2	JR 0x1d90
1dce	3e01	LD A,0x1
1dd0	326382	LD (0x8263),A
1dd3	215d82	LD HL,0x825d
1dd6	34	INC (HL)
1dd7	c9	RET
1dd8	3afd83	LD A,(0x83fd)
1ddb	3d	DEC A
1ddc	203c	JR NZ,0x1e1a
1dde	3a5f82	LD A,(0x825f)
1de1	a7	AND A
1de2	c0	RET NZ
1de3	3a4780	LD A,(0x8047)
1de6	fe2a	CP 0x2a
1de8	d2cb1a	JP NC,0x1acb
1deb	0648	LD B,0x48
1ded	3a2181	LD A,(0x8121)
1df0	d602	SUB 0x2
1df2	cc7326	CALL Z,0x2673
1df5	21a4aa	LD HL,0xaaa4
1df8	cd1c1f	CALL 0x1f1c
1dfb	3a3481	LD A,(0x8134)
1dfe	a7	AND A
1dff	2809	JR Z,0x1e0a
1e01	0648	LD B,0x48
1e03	cdcb27	CALL 0x27cb
1e06	af	XOR A
1e07	323481	LD (0x8134),A
1e0a	3afd83	LD A,(0x83fd)
1e0d	3d	DEC A
1e0e	200f	JR NZ,0x1e1f
1e10	3e01	LD A,0x1
1e12	325f82	LD (0x825f),A
1e15	215c82	LD HL,0x825c
1e18	34	INC (HL)
1e19	c9	RET
1e1a	3a6482	LD A,(0x8264)
1e1d	18c2	JR 0x1de1
1e1f	3e01	LD A,0x1
1e21	326482	LD (0x8264),A
1e24	215d82	LD HL,0x825d
1e27	34	INC (HL)
1e28	c9	RET
1e29	3afd83	LD A,(0x83fd)
1e2c	3d	DEC A
1e2d	203c	JR NZ,0x1e6b
1e2f	3a6082	LD A,(0x8260)
1e32	a7	AND A
1e33	c0	RET NZ
1e34	3a4780	LD A,(0x8047)
1e37	fe2a	CP 0x2a
1e39	d2cb1a	JP NC,0x1acb
1e3c	0678	LD B,0x78
1e3e	3a2181	LD A,(0x8121)
1e41	d603	SUB 0x3
1e43	cc7326	CALL Z,0x2673
1e46	21e4a9	LD HL,0xa9e4
1e49	cd1c1f	CALL 0x1f1c
1e4c	3a3481	LD A,(0x8134)
1e4f	a7	AND A
1e50	2809	JR Z,0x1e5b
1e52	0678	LD B,0x78
1e54	cdcb27	CALL 0x27cb
1e57	af	XOR A
1e58	323481	LD (0x8134),A
1e5b	3afd83	LD A,(0x83fd)
1e5e	3d	DEC A
1e5f	200f	JR NZ,0x1e70
1e61	3e01	LD A,0x1
1e63	326082	LD (0x8260),A
1e66	215c82	LD HL,0x825c
1e69	34	INC (HL)
1e6a	c9	RET
1e6b	3a6582	LD A,(0x8265)
1e6e	18c2	JR 0x1e32
1e70	3e01	LD A,0x1
1e72	326582	LD (0x8265),A
1e75	215d82	LD HL,0x825d
1e78	34	INC (HL)
1e79	c9	RET
1e7a	3afd83	LD A,(0x83fd)
1e7d	3d	DEC A
1e7e	203c	JR NZ,0x1ebc
1e80	3a6182	LD A,(0x8261)
1e83	a7	AND A
1e84	c0	RET NZ
1e85	3a4780	LD A,(0x8047)
1e88	fe2a	CP 0x2a
1e8a	d2cb1a	JP NC,0x1acb
1e8d	06a8	LD B,0xa8
1e8f	3a2181	LD A,(0x8121)
1e92	d604	SUB 0x4
1e94	cc7326	CALL Z,0x2673
1e97	2124a9	LD HL,0xa924
1e9a	cd1c1f	CALL 0x1f1c
1e9d	3a3481	LD A,(0x8134)
1ea0	a7	AND A
1ea1	2809	JR Z,0x1eac
1ea3	06a8	LD B,0xa8
1ea5	cdcb27	CALL 0x27cb
1ea8	af	XOR A
1ea9	323481	LD (0x8134),A
1eac	3afd83	LD A,(0x83fd)
1eaf	3d	DEC A
1eb0	200f	JR NZ,0x1ec1
1eb2	3e01	LD A,0x1
1eb4	326182	LD (0x8261),A
1eb7	215c82	LD HL,0x825c
1eba	34	INC (HL)
1ebb	c9	RET
1ebc	3a6682	LD A,(0x8266)
1ebf	18c2	JR 0x1e83
1ec1	3e01	LD A,0x1
1ec3	326682	LD (0x8266),A
1ec6	215d82	LD HL,0x825d
1ec9	34	INC (HL)
1eca	c9	RET
1ecb	3afd83	LD A,(0x83fd)
1ece	3d	DEC A
1ecf	203c	JR NZ,0x1f0d
1ed1	3a6282	LD A,(0x8262)
1ed4	a7	AND A
1ed5	c0	RET NZ
1ed6	3a4780	LD A,(0x8047)
1ed9	fe2a	CP 0x2a
1edb	d2cb1a	JP NC,0x1acb
1ede	06d8	LD B,0xd8
1ee0	3a2181	LD A,(0x8121)
1ee3	d605	SUB 0x5
1ee5	cc7326	CALL Z,0x2673
1ee8	2164a8	LD HL,0xa864
1eeb	cd1c1f	CALL 0x1f1c
1eee	3a3481	LD A,(0x8134)
1ef1	a7	AND A
1ef2	2809	JR Z,0x1efd
1ef4	06d8	LD B,0xd8
1ef6	cdcb27	CALL 0x27cb
1ef9	af	XOR A
1efa	323481	LD (0x8134),A
1efd	3afd83	LD A,(0x83fd)
1f00	3d	DEC A
1f01	200f	JR NZ,0x1f12
1f03	3e01	LD A,0x1
1f05	326282	LD (0x8262),A
1f08	215c82	LD HL,0x825c
1f0b	34	INC (HL)
1f0c	c9	RET
1f0d	3a6782	LD A,(0x8267)
1f10	18c2	JR 0x1ed4
1f12	3e01	LD A,0x1
1f14	326782	LD (0x8267),A
1f17	215d82	LD HL,0x825d
1f1a	34	INC (HL)
1f1b	c9	RET
1f1c	3a3481	LD A,(0x8134)
1f1f	a7	AND A
1f20	2809	JR Z,0x1f2b
1f22	112000	LD DE,0x20
1f25	cde008	CALL 0x08e0
1f28	cdbc27	CALL 0x27bc
1f2b	366c	LD (HL),0x6c
1f2d	23	INC HL
1f2e	366d	LD (HL),0x6d
1f30	011f00	LD BC,0x1f
1f33	09	ADD HL,BC
1f34	366e	LD (HL),0x6e
1f36	23	INC HL
1f37	366f	LD (HL),0x6f
1f39	e5	PUSH HL
1f3a	d5	PUSH DE
1f3b	110500	LD DE,0x5
1f3e	cde008	CALL 0x08e0
1f41	cdc508	CALL 0x08c5
1f44	3afe83	LD A,(0x83fe)
1f47	b7	OR A
1f48	284a	JR Z,0x1f94
1f4a	af	XOR A
1f4b	67	LD H,A
1f4c	6f	LD L,A
1f4d	228283	LD (0x8382),HL
1f50	df	RST 0x0018
1f51	3ef0	LD A,0xf0
1f53	df	RST 0x0018
1f54	3afd83	LD A,(0x83fd)
1f57	215c82	LD HL,0x825c
1f5a	3d	DEC A
1f5b	2801	JR Z,0x1f5e
1f5d	2c	INC L
1f5e	7e	LD A,(HL)
1f5f	fe04	CP 0x4
1f61	281e	JR Z,0x1f81
1f63	3e08	LD A,0x8
1f65	df	RST 0x0018
1f66	3e0e	LD A,0xe
1f68	df	RST 0x0018
1f69	218183	LD HL,0x8381
1f6c	35	DEC (HL)
1f6d	2002	JR NZ,0x1f71
1f6f	3614	LD (HL),0x14
1f71	7e	LD A,(HL)
1f72	21872e	LD HL,0x2e87
1f75	87	ADD A,A
1f76	85	ADD A,L
1f77	6f	LD L,A
1f78	7e	LD A,(HL)
1f79	2c	INC L
1f7a	66	LD H,(HL)
1f7b	6f	LD L,A
1f7c	228283	LD (0x8382),HL
1f7f	1813	JR 0x1f94
1f81	322f84	LD (0x842f),A
1f84	cde607	CALL 0x07e6
1f87	2140b0	LD HL,0xb040
1f8a	010018	LD BC,0x1800
1f8d	71	LD (HL),C
1f8e	2c	INC L
1f8f	10fc	DJNZ 0x1f8d
1f91	cdbc27	CALL 0x27bc
1f94	3e20	LD A,0x20
1f96	326a82	LD (0x826a),A
1f99	3e80	LD A,0x80
1f9b	df	RST 0x0018
1f9c	214480	LD HL,0x8044
1f9f	af	XOR A
1fa0	77	LD (HL),A
1fa1	23	INC HL
1fa2	77	LD (HL),A
1fa3	23	INC HL
1fa4	77	LD (HL),A
1fa5	23	INC HL
1fa6	36f0	LD (HL),0xf0
1fa8	d1	POP DE
1fa9	e1	POP HL
1faa	af	XOR A
1fab	329b82	LD (0x829b),A
1fae	32ea83	LD (0x83ea),A
1fb1	324d82	LD (0x824d),A
1fb4	324982	LD (0x8249),A
1fb7	325182	LD (0x8251),A
1fba	3c	INC A
1fbb	326c82	LD (0x826c),A
1fbe	32cd83	LD (0x83cd),A
1fc1	3e10	LD A,0x10
1fc3	326882	LD (0x8268),A
1fc6	c9	RET
1fc7	3a6c82	LD A,(0x826c)
1fca	a7	AND A
1fcb	c8	RET Z
1fcc	216a82	LD HL,0x826a
1fcf	35	DEC (HL)
1fd0	c0	RET NZ
1fd1	af	XOR A
1fd2	326c82	LD (0x826c),A
1fd5	c9	RET
1fd6	3a4780	LD A,(0x8047)
1fd9	fe30	CP 0x30
1fdb	d8	RET C
1fdc	fed0	CP 0xd0
1fde	4f	LD C,A
1fdf	2817	JR Z,0x1ff8
1fe1	d0	RET NC
1fe2	3a6982	LD A,(0x8269)
1fe5	b9	CP C
1fe6	d8	RET C
1fe7	c8	RET Z
1fe8	79	LD A,C
1fe9	326982	LD (0x8269),A
1fec	110100	LD DE,0x1
1fef	fe80	CP 0x80
1ff1	c8	RET Z
1ff2	e5	PUSH HL
1ff3	cde008	CALL 0x08e0
1ff6	e1	POP HL
1ff7	c9	RET
1ff8	3a6982	LD A,(0x8269)
1ffb	a7	AND A
1ffc	20e4	JR NZ,0x1fe2
1ffe	3ee0	LD A,0xe0
2000	326982	LD (0x8269),A
2003	18dd	JR 0x1fe2
2005	dd217382	LD IX,0x8273
2009	dd7e02	LD A,(IX+0x2)
200c	321a81	LD (0x811a),A
200f	3a1081	LD A,(0x8110)
2012	3c	INC A
2013	321081	LD (0x8110),A
2016	fe50	CP 0x50
2018	d4fb20	CALL NC,0x20fb
201b	dd217c82	LD IX,0x827c
201f	dd7e02	LD A,(IX+0x2)
2022	321981	LD (0x8119),A
2025	3a1181	LD A,(0x8111)
2028	3c	INC A
2029	3c	INC A
202a	321181	LD (0x8111),A
202d	fea0	CP 0xa0
202f	dc9c21	CALL C,0x219c
2032	3a6e82	LD A,(0x826e)
2035	3c	INC A
2036	326e82	LD (0x826e),A
2039	fe10	CP 0x10
203b	ca4920	JP Z,0x2049
203e	fe20	CP 0x20
2040	ca6f20	JP Z,0x206f
2043	fe30	CP 0x30
2045	ca9520	JP Z,0x2095
2048	c9	RET
2049	217382	LD HL,0x8273
204c	7e	LD A,(HL)
204d	23	INC HL
204e	46	LD B,(HL)
204f	211a81	LD HL,0x811a
2052	4e	LD C,(HL)
2053	112314	LD DE,0x1423
2056	32b181	LD (0x81b1),A
2059	cdcc20	CALL 0x20cc
205c	217c82	LD HL,0x827c
205f	7e	LD A,(HL)
2060	23	INC HL
2061	46	LD B,(HL)
2062	211981	LD HL,0x8119
2065	4e	LD C,(HL)
2066	115f14	LD DE,0x145f
2069	32b181	LD (0x81b1),A
206c	c3bf20	JP 0x20bf
206f	217382	LD HL,0x8273
2072	7e	LD A,(HL)
2073	23	INC HL
2074	46	LD B,(HL)
2075	211a81	LD HL,0x811a
2078	4e	LD C,(HL)
2079	112b14	LD DE,0x142b
207c	32b181	LD (0x81b1),A
207f	cdcc20	CALL 0x20cc
2082	217c82	LD HL,0x827c
2085	7e	LD A,(HL)
2086	23	INC HL
2087	46	LD B,(HL)
2088	211981	LD HL,0x8119
208b	4e	LD C,(HL)
208c	117314	LD DE,0x1473
208f	32b181	LD (0x81b1),A
2092	c3bf20	JP 0x20bf
2095	217382	LD HL,0x8273
2098	7e	LD A,(HL)
2099	23	INC HL
209a	46	LD B,(HL)
209b	211a81	LD HL,0x811a
209e	4e	LD C,(HL)
209f	113314	LD DE,0x1433
20a2	32b181	LD (0x81b1),A
20a5	af	XOR A
20a6	326e82	LD (0x826e),A
20a9	cdcc20	CALL 0x20cc
20ac	217c82	LD HL,0x827c
20af	7e	LD A,(HL)
20b0	23	INC HL
20b1	46	LD B,(HL)
20b2	211981	LD HL,0x8119
20b5	4e	LD C,(HL)
20b6	118714	LD DE,0x1487
20b9	32b181	LD (0x81b1),A
20bc	c3bf20	JP 0x20bf
20bf	2af513	LD HL,(0x13f5)
20c2	ed530180	LD (0x8001),DE
20c6	78	LD A,B
20c7	320380	LD (0x8003),A
20ca	180b	JR 0x20d7
20cc	2aef13	LD HL,(0x13ef)
20cf	ed530180	LD (0x8001),DE
20d3	78	LD A,B
20d4	320380	LD (0x8003),A
20d7	1a	LD A,(DE)
20d8	77	LD (HL),A
20d9	23	INC HL
20da	13	INC DE
20db	1a	LD A,(DE)
20dc	77	LD (HL),A
20dd	2b	DEC HL
20de	d5	PUSH DE
20df	112000	LD DE,0x20
20e2	19	ADD HL,DE
20e3	d1	POP DE
20e4	13	INC DE
20e5	10f0	DJNZ 0x20d7
20e7	3ab181	LD A,(0x81b1)
20ea	5f	LD E,A
20eb	1600	LD D,0x0
20ed	19	ADD HL,DE
20ee	3a0380	LD A,(0x8003)
20f1	47	LD B,A
20f2	ed5b0180	LD DE,(0x8001)
20f6	0d	DEC C
20f7	c2d720	JP NZ,0x20d7
20fa	c9	RET
20fb	dd217382	LD IX,0x8273
20ff	af	XOR A
2100	67	LD H,A
2101	dd4601	LD B,(IX+0x1)
2104	c620	ADD A,0x20
2106	10fc	DJNZ 0x2104
2108	4f	LD C,A
2109	dd6e00	LD L,(IX+0x0)
210c	09	ADD HL,BC
210d	5d	LD E,L
210e	54	LD D,H
210f	af	XOR A
2110	6f	LD L,A
2111	67	LD H,A
2112	dd4602	LD B,(IX+0x2)
2115	05	DEC B
2116	19	ADD HL,DE
2117	10fd	DJNZ 0x2116
2119	1108a8	LD DE,0xa808
211c	19	ADD HL,DE
211d	0e02	LD C,0x2
211f	3a1081	LD A,(0x8110)
2122	fe50	CP 0x50
2124	ca3e21	JP Z,0x213e
2127	fe80	CP 0x80
2129	ca4c21	JP Z,0x214c
212c	fea0	CP 0xa0
212e	ca6521	JP Z,0x2165
2131	feb0	CP 0xb0
2133	ca4c21	JP Z,0x214c
2136	fed0	CP 0xd0
2138	ca3e21	JP Z,0x213e
213b	c38821	JP 0x2188
213e	0602	LD B,0x2
2140	119021	LD DE,0x2190
2143	cd7821	CALL 0x2178
2146	0d	DEC C
2147	20f5	JR NZ,0x213e
2149	c38821	JP 0x2188
214c	0602	LD B,0x2
214e	119421	LD DE,0x2194
2151	cd7821	CALL 0x2178
2154	0d	DEC C
2155	20f5	JR NZ,0x214c
2157	3a0781	LD A,(0x8107)
215a	a7	AND A
215b	ca8821	JP Z,0x2188
215e	af	XOR A
215f	320781	LD (0x8107),A
2162	c38821	JP 0x2188
2165	0602	LD B,0x2
2167	119821	LD DE,0x2198
216a	cd7821	CALL 0x2178
216d	0d	DEC C
216e	20f5	JR NZ,0x2165
2170	3e01	LD A,0x1
2172	320781	LD (0x8107),A
2175	c38821	JP 0x2188
2178	1a	LD A,(DE)
2179	77	LD (HL),A
217a	13	INC DE
217b	23	INC HL
217c	1a	LD A,(DE)
217d	77	LD (HL),A
217e	13	INC DE
217f	d5	PUSH DE
2180	111f00	LD DE,0x1f
2183	19	ADD HL,DE
2184	d1	POP DE
2185	10f1	DJNZ 0x2178
2187	c9	RET
2188	dd7e02	LD A,(IX+0x2)
218b	3d	DEC A
218c	321a81	LD (0x811a),A
218f	c9	RET
219c	dd217c82	LD IX,0x827c
21a0	af	XOR A
21a1	67	LD H,A
21a2	dd4601	LD B,(IX+0x1)
21a5	c620	ADD A,0x20
21a7	10fc	DJNZ 0x21a5
21a9	4f	LD C,A
21aa	dd6e00	LD L,(IX+0x0)
21ad	09	ADD HL,BC
21ae	5d	LD E,L
21af	54	LD D,H
21b0	af	XOR A
21b1	6f	LD L,A
21b2	67	LD H,A
21b3	dd4602	LD B,(IX+0x2)
21b6	05	DEC B
21b7	19	ADD HL,DE
21b8	10fd	DJNZ 0x21b7
21ba	110ea8	LD DE,0xa80e
21bd	19	ADD HL,DE
21be	0e03	LD C,0x3
21c0	3a1181	LD A,(0x8111)
21c3	fe00	CP 0x0
21c5	cadf21	JP Z,0x21df
21c8	fe30	CP 0x30
21ca	caed21	JP Z,0x21ed
21cd	fe50	CP 0x50
21cf	ca0622	JP Z,0x2206
21d2	fe60	CP 0x60
21d4	caed21	JP Z,0x21ed
21d7	fe70	CP 0x70
21d9	cadf21	JP Z,0x21df
21dc	c32922	JP 0x2229
21df	0602	LD B,0x2
21e1	113122	LD DE,0x2231
21e4	cd1922	CALL 0x2219
21e7	0d	DEC C
21e8	20f5	JR NZ,0x21df
21ea	c32922	JP 0x2229
21ed	0602	LD B,0x2
21ef	113522	LD DE,0x2235
21f2	cd1922	CALL 0x2219
21f5	0d	DEC C
21f6	20f5	JR NZ,0x21ed
21f8	3a0881	LD A,(0x8108)
21fb	a7	AND A
21fc	ca2922	JP Z,0x2229
21ff	af	XOR A
2200	320881	LD (0x8108),A
2203	c32922	JP 0x2229
2206	0602	LD B,0x2
2208	113922	LD DE,0x2239
220b	cd1922	CALL 0x2219
220e	0d	DEC C
220f	20f5	JR NZ,0x2206
2211	3e01	LD A,0x1
2213	320881	LD (0x8108),A
2216	c32922	JP 0x2229
2219	1a	LD A,(DE)
221a	77	LD (HL),A
221b	13	INC DE
221c	23	INC HL
221d	1a	LD A,(DE)
221e	77	LD (HL),A
221f	13	INC DE
2220	d5	PUSH DE
2221	111f00	LD DE,0x1f
2224	19	ADD HL,DE
2225	d1	POP DE
2226	10f1	DJNZ 0x2219
2228	c9	RET
2229	dd7e02	LD A,(IX+0x2)
222c	3d	DEC A
222d	321981	LD (0x8119),A
2230	c9	RET
223d	d9	EXX
223e	219382	LD HL,0x8293
2241	3afd83	LD A,(0x83fd)
2244	3d	DEC A
2245	2801	JR Z,0x2248
2247	2c	INC L
2248	7e	LD A,(HL)
2249	016022	LD BC,0x2260
224c	2600	LD H,0x0
224e	6f	LD L,A
224f	85	ADD A,L
2250	6f	LD L,A
2251	09	ADD HL,BC
2252	5e	LD E,(HL)
2253	23	INC HL
2254	56	LD D,(HL)
2255	eb	EX DE,HL
2256	117082	LD DE,0x8270
2259	012100	LD BC,0x21
225c	edb0	LDIR
225e	d9	EXX
225f	c9	RET
230f	3ad683	LD A,(0x83d6)
2312	3d	DEC A
2313	c0	RET NZ
2314	3a9b82	LD A,(0x829b)
2317	a7	AND A
2318	c0	RET NZ
2319	32b483	LD (0x83b4),A
231c	cdba0a	CALL 0x0aba
231f	cd2906	CALL 0x0629
2322	cd3d22	CALL 0x223d
2325	af	XOR A
2326	325b82	LD (0x825b),A
2329	cd5219	CALL 0x1952
232c	2150a8	LD HL,0xa850
232f	cde219	CALL 0x19e2
2332	cdaa09	CALL 0x09aa
2335	cdaf0f	CALL 0x0faf
2338	3e01	LD A,0x1
233a	325b82	LD (0x825b),A
233d	329b82	LD (0x829b),A
2340	c9	RET
2341	3ad683	LD A,(0x83d6)
2344	3d	DEC A
2345	c0	RET NZ
2346	3a9b82	LD A,(0x829b)
2349	a7	AND A
234a	c8	RET Z
234b	cd6d23	CALL 0x236d
234e	cd551a	CALL 0x1a55
2351	cdb723	CALL 0x23b7
2354	cd4209	CALL 0x0942
2357	cd7008	CALL 0x0870
235a	cd0520	CALL 0x2005
235d	cd0218	CALL 0x1802
2360	cdbf11	CALL 0x11bf
2363	cdf816	CALL 0x16f8
2366	cdc71f	CALL 0x1fc7
2369	cdb714	CALL 0x14b7
236c	c9	RET
236d	3a6c82	LD A,(0x826c)
2370	b7	OR A
2371	c0	RET NZ
2372	3a0480	LD A,(0x8004)
2375	a7	AND A
2376	c0	RET NZ
2377	3a9982	LD A,(0x8299)
237a	a7	AND A
237b	c2e623	JP NZ,0x23e6
237e	114780	LD DE,0x8047
2381	3e30	LD A,0x30
2383	329982	LD (0x8299),A
2386	219a82	LD HL,0x829a
2389	34	INC (HL)
238a	4e	LD C,(HL)
238b	0600	LD B,0x0
238d	21682e	LD HL,0x2e68
2390	09	ADD HL,BC
2391	4e	LD C,(HL)
2392	0c	INC C
2393	caac23	JP Z,0x23ac
2396	219c23	LD HL,0x239c
2399	09	ADD HL,BC
239a	e5	PUSH HL
239b	214480	LD HL,0x8044
239e	c9	RET
23ac	af	XOR A
23ad	329a82	LD (0x829a),A
23b0	329982	LD (0x8299),A
23b3	325b82	LD (0x825b),A
23b6	c9	RET
23b7	214480	LD HL,0x8044
23ba	114780	LD DE,0x8047
23bd	3a4882	LD A,(0x8248)
23c0	a7	AND A
23c1	c2ba1b	JP NZ,0x1bba
23c4	324c82	LD (0x824c),A
23c7	3a4982	LD A,(0x8249)
23ca	a7	AND A
23cb	c20d1c	JP NZ,0x1c0d
23ce	324d82	LD (0x824d),A
23d1	3a4a82	LD A,(0x824a)
23d4	a7	AND A
23d5	c2761c	JP NZ,0x1c76
23d8	324e82	LD (0x824e),A
23db	3a4b82	LD A,(0x824b)
23de	a7	AND A
23df	c2d51c	JP NZ,0x1cd5
23e2	324f82	LD (0x824f),A
23e5	c9	RET
23e6	3d	DEC A
23e7	329982	LD (0x8299),A
23ea	c9	RET
23eb	3a2381	LD A,(0x8123)
23ee	3c	INC A
23ef	322381	LD (0x8123),A
23f2	fe06	CP 0x6
23f4	d8	RET C
23f5	af	XOR A
23f6	322381	LD (0x8123),A
23f9	c9	RET
23fa	3afd83	LD A,(0x83fd)
23fd	4f	LD C,A
23fe	3a2381	LD A,(0x8123)
2401	322181	LD (0x8121),A
2404	fe01	CP 0x1
2406	ca1e24	JP Z,0x241e
2409	fe02	CP 0x2
240b	ca3324	JP Z,0x2433
240e	fe03	CP 0x3
2410	ca4824	JP Z,0x2448
2413	fe04	CP 0x4
2415	ca5d24	JP Z,0x245d
2418	fe05	CP 0x5
241a	ca7224	JP Z,0x2472
241d	c9	RET
241e	0d	DEC C
241f	200b	JR NZ,0x242c
2421	3a5e82	LD A,(0x825e)
2424	a7	AND A
2425	c0	RET NZ
2426	2164ab	LD HL,0xab64
2429	c38724	JP 0x2487
242c	3a6382	LD A,(0x8263)
242f	a7	AND A
2430	c0	RET NZ
2431	18f3	JR 0x2426
2433	0d	DEC C
2434	200b	JR NZ,0x2441
2436	3a5f82	LD A,(0x825f)
2439	a7	AND A
243a	c0	RET NZ
243b	21a4aa	LD HL,0xaaa4
243e	c38724	JP 0x2487
2441	3a6482	LD A,(0x8264)
2444	a7	AND A
2445	c0	RET NZ
2446	18f3	JR 0x243b
2448	0d	DEC C
2449	200b	JR NZ,0x2456
244b	3a6082	LD A,(0x8260)
244e	a7	AND A
244f	c0	RET NZ
2450	21e4a9	LD HL,0xa9e4
2453	c38724	JP 0x2487
2456	3a6582	LD A,(0x8265)
2459	a7	AND A
245a	c0	RET NZ
245b	18f3	JR 0x2450
245d	0d	DEC C
245e	200b	JR NZ,0x246b
2460	3a6182	LD A,(0x8261)
2463	a7	AND A
2464	c0	RET NZ
2465	2124a9	LD HL,0xa924
2468	c38724	JP 0x2487
246b	3a6682	LD A,(0x8266)
246e	a7	AND A
246f	c0	RET NZ
2470	18f3	JR 0x2465
2472	0d	DEC C
2473	200b	JR NZ,0x2480
2475	3a6282	LD A,(0x8262)
2478	a7	AND A
2479	c0	RET NZ
247a	2164a8	LD HL,0xa864
247d	c38724	JP 0x2487
2480	3a6782	LD A,(0x8267)
2483	a7	AND A
2484	c0	RET NZ
2485	18f3	JR 0x247a
2487	362c	LD (HL),0x2c
2489	23	INC HL
248a	362d	LD (HL),0x2d
248c	011f00	LD BC,0x1f
248f	09	ADD HL,BC
2490	362e	LD (HL),0x2e
2492	23	INC HL
2493	362f	LD (HL),0x2f
2495	c9	RET
2496	3afd83	LD A,(0x83fd)
2499	4f	LD C,A
249a	3a2381	LD A,(0x8123)
249d	322081	LD (0x8120),A
24a0	fe01	CP 0x1
24a2	caba24	JP Z,0x24ba
24a5	fe02	CP 0x2
24a7	cacf24	JP Z,0x24cf
24aa	fe03	CP 0x3
24ac	cae424	JP Z,0x24e4
24af	fe04	CP 0x4
24b1	caf924	JP Z,0x24f9
24b4	fe05	CP 0x5
24b6	ca0e25	JP Z,0x250e
24b9	c9	RET
24ba	0d	DEC C
24bb	200b	JR NZ,0x24c8
24bd	3a5e82	LD A,(0x825e)
24c0	a7	AND A
24c1	c0	RET NZ
24c2	2164ab	LD HL,0xab64
24c5	c32325	JP 0x2523
24c8	3a6382	LD A,(0x8263)
24cb	a7	AND A
24cc	c0	RET NZ
24cd	18f3	JR 0x24c2
24cf	0d	DEC C
24d0	200b	JR NZ,0x24dd
24d2	3a5f82	LD A,(0x825f)
24d5	a7	AND A
24d6	c0	RET NZ
24d7	21a4aa	LD HL,0xaaa4
24da	c32325	JP 0x2523
24dd	3a6482	LD A,(0x8264)
24e0	a7	AND A
24e1	c0	RET NZ
24e2	18f3	JR 0x24d7
24e4	0d	DEC C
24e5	200b	JR NZ,0x24f2
24e7	3a6082	LD A,(0x8260)
24ea	a7	AND A
24eb	c0	RET NZ
24ec	21e4a9	LD HL,0xa9e4
24ef	c32325	JP 0x2523
24f2	3a6582	LD A,(0x8265)
24f5	a7	AND A
24f6	c0	RET NZ
24f7	18f3	JR 0x24ec
24f9	0d	DEC C
24fa	200b	JR NZ,0x2507
24fc	3a6182	LD A,(0x8261)
24ff	a7	AND A
2500	c0	RET NZ
2501	2124a9	LD HL,0xa924
2504	c32325	JP 0x2523
2507	3a6682	LD A,(0x8266)
250a	a7	AND A
250b	c0	RET NZ
250c	18f3	JR 0x2501
250e	0d	DEC C
250f	200b	JR NZ,0x251c
2511	3a6282	LD A,(0x8262)
2514	a7	AND A
2515	c0	RET NZ
2516	2164a8	LD HL,0xa864
2519	c32325	JP 0x2523
251c	3a6782	LD A,(0x8267)
251f	a7	AND A
2520	c0	RET NZ
2521	18f3	JR 0x2516
2523	3610	LD (HL),0x10
2525	23	INC HL
2526	3610	LD (HL),0x10
2528	011f00	LD BC,0x1f
252b	09	ADD HL,BC
252c	36d0	LD (HL),0xd0
252e	23	INC HL
252f	36d1	LD (HL),0xd1
2531	c9	RET
2532	3afd83	LD A,(0x83fd)
2535	4f	LD C,A
2536	3a2081	LD A,(0x8120)
2539	322181	LD (0x8121),A
253c	fe01	CP 0x1
253e	ca5625	JP Z,0x2556
2541	fe02	CP 0x2
2543	ca6b25	JP Z,0x256b
2546	fe03	CP 0x3
2548	ca8025	JP Z,0x2580
254b	fe04	CP 0x4
254d	ca9525	JP Z,0x2595
2550	fe05	CP 0x5
2552	caaa25	JP Z,0x25aa
2555	c9	RET
2556	0d	DEC C
2557	200b	JR NZ,0x2564
2559	3a5e82	LD A,(0x825e)
255c	a7	AND A
255d	c0	RET NZ
255e	2164ab	LD HL,0xab64
2561	c3bf25	JP 0x25bf
2564	3a6382	LD A,(0x8263)
2567	a7	AND A
2568	c0	RET NZ
2569	18f3	JR 0x255e
256b	0d	DEC C
256c	200b	JR NZ,0x2579
256e	3a5f82	LD A,(0x825f)
2571	a7	AND A
2572	c0	RET NZ
2573	21a4aa	LD HL,0xaaa4
2576	c3bf25	JP 0x25bf
2579	3a6482	LD A,(0x8264)
257c	a7	AND A
257d	c0	RET NZ
257e	18f3	JR 0x2573
2580	0d	DEC C
2581	200b	JR NZ,0x258e
2583	3a6082	LD A,(0x8260)
2586	a7	AND A
2587	c0	RET NZ
2588	21e4a9	LD HL,0xa9e4
258b	c3bf25	JP 0x25bf
258e	3a6582	LD A,(0x8265)
2591	a7	AND A
2592	c0	RET NZ
2593	18f3	JR 0x2588
2595	0d	DEC C
2596	200b	JR NZ,0x25a3
2598	3a6182	LD A,(0x8261)
259b	a7	AND A
259c	c0	RET NZ
259d	2124a9	LD HL,0xa924
25a0	c3bf25	JP 0x25bf
25a3	3a6682	LD A,(0x8266)
25a6	a7	AND A
25a7	c0	RET NZ
25a8	18f3	JR 0x259d
25aa	0d	DEC C
25ab	200b	JR NZ,0x25b8
25ad	3a6282	LD A,(0x8262)
25b0	a7	AND A
25b1	c0	RET NZ
25b2	2164a8	LD HL,0xa864
25b5	c3bf25	JP 0x25bf
25b8	3a6782	LD A,(0x8267)
25bb	a7	AND A
25bc	c0	RET NZ
25bd	18f3	JR 0x25b2
25bf	36d0	LD (HL),0xd0
25c1	23	INC HL
25c2	36d1	LD (HL),0xd1
25c4	011f00	LD BC,0x1f
25c7	09	ADD HL,BC
25c8	36d2	LD (HL),0xd2
25ca	23	INC HL
25cb	36d3	LD (HL),0xd3
25cd	c9	RET
25ce	3afd83	LD A,(0x83fd)
25d1	4f	LD C,A
25d2	3a2181	LD A,(0x8121)
25d5	fe01	CP 0x1
25d7	caef25	JP Z,0x25ef
25da	fe02	CP 0x2
25dc	ca0426	JP Z,0x2604
25df	fe03	CP 0x3
25e1	ca1926	JP Z,0x2619
25e4	fe04	CP 0x4
25e6	ca2e26	JP Z,0x262e
25e9	fe05	CP 0x5
25eb	ca4326	JP Z,0x2643
25ee	c9	RET
25ef	0d	DEC C
25f0	200b	JR NZ,0x25fd
25f2	3a5e82	LD A,(0x825e)
25f5	a7	AND A
25f6	c0	RET NZ
25f7	2164ab	LD HL,0xab64
25fa	c35826	JP 0x2658
25fd	3a6382	LD A,(0x8263)
2600	a7	AND A
2601	c0	RET NZ
2602	18f3	JR 0x25f7
2604	0d	DEC C
2605	200b	JR NZ,0x2612
2607	3a5f82	LD A,(0x825f)
260a	a7	AND A
260b	c0	RET NZ
260c	21a4aa	LD HL,0xaaa4
260f	c35826	JP 0x2658
2612	3a6482	LD A,(0x8264)
2615	a7	AND A
2616	c0	RET NZ
2617	18f3	JR 0x260c
2619	0d	DEC C
261a	200b	JR NZ,0x2627
261c	3a6082	LD A,(0x8260)
261f	a7	AND A
2620	c0	RET NZ
2621	21e4a9	LD HL,0xa9e4
2624	c35826	JP 0x2658
2627	3a6582	LD A,(0x8265)
262a	a7	AND A
262b	c0	RET NZ
262c	18f3	JR 0x2621
262e	0d	DEC C
262f	200b	JR NZ,0x263c
2631	3a6182	LD A,(0x8261)
2634	a7	AND A
2635	c0	RET NZ
2636	2124a9	LD HL,0xa924
2639	c35826	JP 0x2658
263c	3a6682	LD A,(0x8266)
263f	a7	AND A
2640	c0	RET NZ
2641	18f3	JR 0x2636
2643	0d	DEC C
2644	200b	JR NZ,0x2651
2646	3a6282	LD A,(0x8262)
2649	a7	AND A
264a	c0	RET NZ
264b	2164a8	LD HL,0xa864
264e	c35826	JP 0x2658
2651	3a6782	LD A,(0x8267)
2654	a7	AND A
2655	c0	RET NZ
2656	18f3	JR 0x264b
2658	3610	LD (HL),0x10
265a	23	INC HL
265b	3610	LD (HL),0x10
265d	011f00	LD BC,0x1f
2660	09	ADD HL,BC
2661	3610	LD (HL),0x10
2663	23	INC HL
2664	3610	LD (HL),0x10
2666	3a0480	LD A,(0x8004)
2669	a7	AND A
266a	c0	RET NZ
266b	af	XOR A
266c	322181	LD (0x8121),A
266f	322081	LD (0x8120),A
2672	c9	RET
2673	3a2081	LD A,(0x8120)
2676	a7	AND A
2677	c29326	JP NZ,0x2693
267a	215c80	LD HL,0x805c
267d	70	LD (HL),B
267e	23	INC HL
267f	3619	LD (HL),0x19
2681	23	INC HL
2682	3603	LD (HL),0x3
2684	23	INC HL
2685	3620	LD (HL),0x20
2687	3ea0	LD A,0xa0
2689	324083	LD (0x8340),A
268c	112000	LD DE,0x20
268f	cde008	CALL 0x08e0
2692	c9	RET
2693	3e01	LD A,0x1
2695	320480	LD (0x8004),A
2698	e1	POP HL
2699	c9	RET
269a	215c80	LD HL,0x805c
269d	af	XOR A
269e	77	LD (HL),A
269f	23	INC HL
26a0	77	LD (HL),A
26a1	23	INC HL
26a2	77	LD (HL),A
26a3	23	INC HL
26a4	77	LD (HL),A
26a5	c9	RET
26a6	3a3481	LD A,(0x8134)
26a9	a7	AND A
26aa	c2f026	JP NZ,0x26f0
26ad	dd211b81	LD IX,0x811b
26b1	dd7e01	LD A,(IX+0x1)
26b4	a7	AND A
26b5	cc0d27	CALL Z,0x270d
26b8	3a3d81	LD A,(0x813d)
26bb	cb47	BIT 0x0,A
26bd	c2b327	JP NZ,0x27b3
26c0	3a3581	LD A,(0x8135)
26c3	a7	AND A
26c4	2001	JR NZ,0x26c7
26c6	c9	RET
26c7	3a3481	LD A,(0x8134)
26ca	a7	AND A
26cb	2023	JR NZ,0x26f0
26cd	cd2f27	CALL 0x272f
26d0	3a4780	LD A,(0x8047)
26d3	fe5a	CP 0x5a
26d5	d8	RET C
26d6	fe68	CP 0x68
26d8	d0	RET NC
26d9	3a4080	LD A,(0x8040)
26dc	47	LD B,A
26dd	3a4480	LD A,(0x8044)
26e0	c604	ADD A,0x4
26e2	b8	CP B
26e3	d8	RET C
26e4	d608	SUB 0x8
26e6	b8	CP B
26e7	d0	RET NC
26e8	3e01	LD A,0x1
26ea	323481	LD (0x8134),A
26ed	3e18	LD A,0x18
26ef	df	RST 0x0018
26f0	dd214480	LD IX,0x8044
26f4	fd214080	LD IY,0x8040
26f8	dd7e00	LD A,(IX+0x0)
26fb	fd7700	LD (IY+0x0),A
26fe	dd7e01	LD A,(IX+0x1)
2701	fd7701	LD (IY+0x1),A
2704	dd7e03	LD A,(IX+0x3)
2707	c602	ADD A,0x2
2709	fd7703	LD (IY+0x3),A
270c	c9	RET
270d	3a3581	LD A,(0x8135)
2710	a7	AND A
2711	c0	RET NZ
2712	213d81	LD HL,0x813d
2715	34	INC (HL)
2716	214180	LD HL,0x8041
2719	361e	LD (HL),0x1e
271b	23	INC HL
271c	3604	LD (HL),0x4
271e	23	INC HL
271f	3660	LD (HL),0x60
2721	3e01	LD A,0x1
2723	323581	LD (0x8135),A
2726	323d83	LD (0x833d),A
2729	3e3c	LD A,0x3c
272b	323e83	LD (0x833e),A
272e	c9	RET
272f	213e83	LD HL,0x833e
2732	7e	LD A,(HL)
2733	a7	AND A
2734	282b	JR Z,0x2761
2736	35	DEC (HL)
2737	3e3c	LD A,0x3c
2739	cb3f	SRL A
273b	be	CP (HL)
273c	200f	JR NZ,0x274d
273e	2b	DEC HL
273f	7e	LD A,(HL)
2740	a7	AND A
2741	3e21	LD A,0x21
2743	324180	LD (0x8041),A
2746	f0	RET P
2747	3ea1	LD A,0xa1
2749	324180	LD (0x8041),A
274c	c9	RET
274d	2b	DEC HL
274e	7e	LD A,(HL)
274f	e67f	AND 0x7f
2751	219f27	LD HL,0x279f
2754	3c	INC A
2755	cd9a27	CALL 0x279a
2758	7e	LD A,(HL)
2759	211c81	LD HL,0x811c
275c	86	ADD A,(HL)
275d	324080	LD (0x8040),A
2760	c9	RET
2761	2b	DEC HL
2762	7e	LD A,(HL)
2763	a7	AND A
2764	f26927	JP P,0x2769
2767	35	DEC (HL)
2768	35	DEC (HL)
2769	34	INC (HL)
276a	7e	LD A,(HL)
276b	e67f	AND 0x7f
276d	219f27	LD HL,0x279f
2770	cd9a27	CALL 0x279a
2773	7e	LD A,(HL)
2774	fe01	CP 0x1
2776	380a	JR C,0x2782
2778	281a	JR Z,0x2794
277a	211c81	LD HL,0x811c
277d	86	ADD A,(HL)
277e	324080	LD (0x8040),A
2781	c9	RET
2782	213d83	LD HL,0x833d
2785	7e	LD A,(HL)
2786	ee80	XOR 0x80
2788	77	LD (HL),A
2789	3e3c	LD A,0x3c
278b	323e83	LD (0x833e),A
278e	3e1e	LD A,0x1e
2790	324180	LD (0x8041),A
2793	c9	RET
2794	3e3c	LD A,0x3c
2796	323e83	LD (0x833e),A
2799	c9	RET
279a	85	ADD A,L
279b	6f	LD L,A
279c	d0	RET NC
279d	24	INC H
279e	c9	RET
27b3	3a3581	LD A,(0x8135)
27b6	a7	AND A
27b7	c8	RET Z
27b8	af	XOR A
27b9	323481	LD (0x8134),A
27bc	214080	LD HL,0x8040
27bf	af	XOR A
27c0	77	LD (HL),A
27c1	23	INC HL
27c2	77	LD (HL),A
27c3	23	INC HL
27c4	77	LD (HL),A
27c5	23	INC HL
27c6	77	LD (HL),A
27c7	323581	LD (0x8135),A
27ca	c9	RET
27cb	214080	LD HL,0x8040
27ce	70	LD (HL),B
27cf	23	INC HL
27d0	3619	LD (HL),0x19
27d2	23	INC HL
27d3	3603	LD (HL),0x3
27d5	23	INC HL
27d6	3610	LD (HL),0x10
27d8	3ea0	LD A,0xa0
27da	324083	LD (0x8340),A
27dd	c9	RET
27de	214080	LD HL,0x8040
27e1	af	XOR A
27e2	77	LD (HL),A
27e3	23	INC HL
27e4	77	LD (HL),A
27e5	23	INC HL
27e6	77	LD (HL),A
27e7	23	INC HL
27e8	77	LD (HL),A
27e9	c9	RET
27ea	3ab783	LD A,(0x83b7)
27ed	fe02	CP 0x2
27ef	da7328	JP C,0x2873
27f2	fe05	CP 0x5
27f4	d27428	JP NC,0x2874
27f7	3a0181	LD A,(0x8101)
27fa	a7	AND A
27fb	cc8c28	CALL Z,0x288c
27fe	3a4f81	LD A,(0x814f)
2801	a7	AND A
2802	c8	RET Z
2803	214681	LD HL,0x8146
2806	7e	LD A,(HL)
2807	23	INC HL
2808	be	CP (HL)
2809	c2b028	JP NZ,0x28b0
280c	35	DEC (HL)
280d	1106a8	LD DE,0xa806
2810	3a5081	LD A,(0x8150)
2813	cb47	BIT 0x0,A
2815	ca6d28	JP Z,0x286d
2818	211314	LD HL,0x1413
281b	af	XOR A
281c	47	LD B,A
281d	3a4e81	LD A,(0x814e)
2820	4f	LD C,A
2821	3c	INC A
2822	3c	INC A
2823	324e81	LD (0x814e),A
2826	09	ADD HL,BC
2827	0600	LD B,0x0
2829	eb	EX DE,HL
282a	3a4581	LD A,(0x8145)
282d	4f	LD C,A
282e	09	ADD HL,BC
282f	eb	EX DE,HL
2830	0e20	LD C,0x20
2832	3a4581	LD A,(0x8145)
2835	81	ADD A,C
2836	324581	LD (0x8145),A
2839	7e	LD A,(HL)
283a	12	LD (DE),A
283b	23	INC HL
283c	13	INC DE
283d	7e	LD A,(HL)
283e	12	LD (DE),A
283f	3a4e81	LD A,(0x814e)
2842	fe10	CP 0x10
2844	d8	RET C
2845	af	XOR A
2846	324f81	LD (0x814f),A
2849	324e81	LD (0x814e),A
284c	324581	LD (0x8145),A
284f	324681	LD (0x8146),A
2852	324781	LD (0x8147),A
2855	c9	RET
2856	3afe83	LD A,(0x83fe)
2859	fe02	CP 0x2
285b	c0	RET NZ
285c	af	XOR A
285d	324f81	LD (0x814f),A
2860	324e81	LD (0x814e),A
2863	324581	LD (0x8145),A
2866	324681	LD (0x8146),A
2869	324781	LD (0x8147),A
286c	c9	RET
286d	210314	LD HL,0x1403
2870	c31b28	JP 0x281b
2873	c9	RET
2874	3a0181	LD A,(0x8101)
2877	a7	AND A
2878	cc7e28	CALL Z,0x287e
287b	c3fe27	JP 0x27fe
287e	3a4f81	LD A,(0x814f)
2881	a7	AND A
2882	c0	RET NZ
2883	3e01	LD A,0x1
2885	325081	LD (0x8150),A
2888	cd9c28	CALL 0x289c
288b	c9	RET
288c	3a4f81	LD A,(0x814f)
288f	a7	AND A
2890	c0	RET NZ
2891	3a5081	LD A,(0x8150)
2894	3c	INC A
2895	325081	LD (0x8150),A
2898	cd9c28	CALL 0x289c
289b	c9	RET
289c	3a9b81	LD A,(0x819b)
289f	e60f	AND 0xf
28a1	87	ADD A,A
28a2	87	ADD A,A
28a3	87	ADD A,A
28a4	214681	LD HL,0x8146
28a7	77	LD (HL),A
28a8	23	INC HL
28a9	77	LD (HL),A
28aa	3e01	LD A,0x1
28ac	324f81	LD (0x814f),A
28af	c9	RET
28b0	7e	LD A,(HL)
28b1	a7	AND A
28b2	2802	JR Z,0x28b6
28b4	35	DEC (HL)
28b5	c9	RET
28b6	3a4681	LD A,(0x8146)
28b9	77	LD (HL),A
28ba	c9	RET
28bb	3a5081	LD A,(0x8150)
28be	cb47	BIT 0x0,A
28c0	c8	RET Z
28c1	3ab783	LD A,(0x83b7)
28c4	fe02	CP 0x2
28c6	d8	RET C
28c7	3a4780	LD A,(0x8047)
28ca	c608	ADD A,0x8
28cc	fe2a	CP 0x2a
28ce	d8	RET C
28cf	fe3b	CP 0x3b
28d1	d0	RET NC
28d2	3a4480	LD A,(0x8044)
28d5	c608	ADD A,0x8
28d7	47	LD B,A
28d8	3a0181	LD A,(0x8101)
28db	4f	LD C,A
28dc	c608	ADD A,0x8
28de	b8	CP B
28df	d8	RET C
28e0	79	LD A,C
28e1	d620	SUB 0x20
28e3	b8	CP B
28e4	d0	RET NC
28e5	79	LD A,C
28e6	d608	SUB 0x8
28e8	b8	CP B
28e9	3004	JR NC,0x28ef
28eb	cdd012	CALL 0x12d0
28ee	c9	RET
28ef	3e01	LD A,0x1
28f1	320480	LD (0x8004),A
28f4	2146a8	LD HL,0xa846
28f7	3668	LD (HL),0x68
28f9	23	INC HL
28fa	3669	LD (HL),0x69
28fc	011f00	LD BC,0x1f
28ff	09	ADD HL,BC
2900	366a	LD (HL),0x6a
2902	23	INC HL
2903	366b	LD (HL),0x6b
2905	c9	RET
2906	3afe83	LD A,(0x83fe)
2909	a7	AND A
290a	c8	RET Z
290b	3aa281	LD A,(0x81a2)
290e	fe0f	CP 0xf
2910	d0	RET NC
2911	fe02	CP 0x2
2913	d8	RET C
2914	3a4081	LD A,(0x8140)
2917	a7	AND A
2918	c0	RET NZ
2919	3ed0	LD A,0xd0
291b	df	RST 0x0018
291c	c9	RET
291d	3a0181	LD A,(0x8101)
2920	a7	AND A
2921	2005	JR NZ,0x2928
2923	af	XOR A
2924	323f83	LD (0x833f),A
2927	c9	RET
2928	3a5081	LD A,(0x8150)
292b	cb47	BIT 0x0,A
292d	c8	RET Z
292e	3a4f81	LD A,(0x814f)
2931	a7	AND A
2932	c0	RET NZ
2933	213f83	LD HL,0x833f
2936	34	INC (HL)
2937	7e	LD A,(HL)
2938	fe40	CP 0x40
293a	2805	JR Z,0x2941
293c	fe70	CP 0x70
293e	2813	JR Z,0x2953
2940	c9	RET
2941	2146a8	LD HL,0xa846
2944	3668	LD (HL),0x68
2946	23	INC HL
2947	3669	LD (HL),0x69
2949	011f00	LD BC,0x1f
294c	09	ADD HL,BC
294d	366a	LD (HL),0x6a
294f	23	INC HL
2950	366b	LD (HL),0x6b
2952	c9	RET
2953	2146a8	LD HL,0xa846
2956	36d0	LD (HL),0xd0
2958	23	INC HL
2959	36d1	LD (HL),0xd1
295b	011f00	LD BC,0x1f
295e	09	ADD HL,BC
295f	36d2	LD (HL),0xd2
2961	23	INC HL
2962	36d3	LD (HL),0xd3
2964	af	XOR A
2965	323f83	LD (0x833f),A
2968	c9	RET
2970	3ab783	LD A,(0x83b7)
2973	fe03	CP 0x3
2975	382a	JR C,0x29a1
2977	3afd83	LD A,(0x83fd)
297a	3d	DEC A
297b	2006	JR NZ,0x2983
297d	dd214084	LD IX,0x8440
2981	1804	JR 0x2987
2983	dd216084	LD IX,0x8460
2987	fd214880	LD IY,0x8048
298b	cdb929	CALL 0x29b9
298e	3ab783	LD A,(0x83b7)
2991	fe06	CP 0x6
2993	3807	JR C,0x299c
2995	111000	LD DE,0x10
2998	dd19	ADD IX,DE
299a	fd215080	LD IY,0x8050
299e	cdb929	CALL 0x29b9
29a1	3afd83	LD A,(0x83fd)
29a4	3d	DEC A
29a5	2006	JR NZ,0x29ad
29a7	dd218084	LD IX,0x8480
29ab	1804	JR 0x29b1
29ad	dd219084	LD IX,0x8490
29b1	fd215880	LD IY,0x8058
29b5	cd832b	CALL 0x2b83
29b8	c9	RET
29b9	cd6a2a	CALL 0x2a6a
29bc	cdc929	CALL 0x29c9
29bf	cdf929	CALL 0x29f9
29c2	cdf32a	CALL 0x2af3
29c5	cd582b	CALL 0x2b58
29c8	c9	RET
29c9	dd3508	DEC (IX+0x8)
29cc	c0	RET NZ
29cd	dd36080c	LD (IX+0x8),0xc
29d1	dd7e06	LD A,(IX+0x6)
29d4	b7	OR A
29d5	c8	RET Z
29d6	3d	DEC A
29d7	2002	JR NZ,0x29db
29d9	3e04	LD A,0x4
29db	dd7706	LD (IX+0x6),A
29de	6f	LD L,A
29df	2600	LD H,0x0
29e1	11d52c	LD DE,0x2cd5
29e4	19	ADD HL,DE
29e5	7e	LD A,(HL)
29e6	ddb605	OR (IX+0x5)
29e9	fd7701	LD (IY+0x1),A
29ec	3c	INC A
29ed	fd7705	LD (IY+0x5),A
29f0	fd360204	LD (IY+0x2),0x4
29f4	fd360604	LD (IY+0x6),0x4
29f8	c9	RET
29f9	dd7e06	LD A,(IX+0x6)
29fc	b7	OR A
29fd	c8	RET Z
29fe	3a2c84	LD A,(0x842c)
2a01	b7	OR A
2a02	c0	RET NZ
2a03	dd3509	DEC (IX+0x9)
2a06	c0	RET NZ
2a07	dd360908	LD (IX+0x9),0x8
2a0b	fd7e03	LD A,(IY+0x3)
2a0e	fe60	CP 0x60
2a10	302a	JR NC,0x2a3c
2a12	dd360701	LD (IX+0x7),0x1
2a16	dd7e05	LD A,(IX+0x5)
2a19	b7	OR A
2a1a	c22d2a	JP NZ,0x2a2d
2a1d	3a1480	LD A,(0x8014)
2a20	dd9600	SUB (IX+0x0)
2a23	d8	RET C
2a24	fdbe00	CP (IY+0x0)
2a27	302a	JR NC,0x2a53
2a29	dd3402	INC (IX+0x2)
2a2c	c9	RET
2a2d	3a1480	LD A,(0x8014)
2a30	dd9601	SUB (IX+0x1)
2a33	fdbe00	CP (IY+0x0)
2a36	381b	JR C,0x2a53
2a38	dd3502	DEC (IX+0x2)
2a3b	c9	RET
2a3c	dd360701	LD (IX+0x7),0x1
2a40	dd7e05	LD A,(IX+0x5)
2a43	b7	OR A
2a44	2804	JR Z,0x2a4a
2a46	3e02	LD A,0x2
2a48	1802	JR 0x2a4c
2a4a	3efe	LD A,0xfe
2a4c	dd8603	ADD A,(IX+0x3)
2a4f	dd7703	LD (IX+0x3),A
2a52	c9	RET
2a53	dd7e05	LD A,(IX+0x5)
2a56	ee80	XOR 0x80
2a58	dd7705	LD (IX+0x5),A
2a5b	fd7e04	LD A,(IY+0x4)
2a5e	fd7700	LD (IY+0x0),A
2a61	fd7e01	LD A,(IY+0x1)
2a64	ee80	XOR 0x80
2a66	fd7701	LD (IY+0x1),A
2a69	c9	RET
2a6a	3ab783	LD A,(0x83b7)
2a6d	fe03	CP 0x3
2a6f	d8	RET C
2a70	4f	LD C,A
2a71	dd350a	DEC (IX+0xa)
2a74	c0	RET NZ
2a75	dd7e06	LD A,(IX+0x6)
2a78	b7	OR A
2a79	c0	RET NZ
2a7a	cdee0a	CALL 0x0aee
2a7d	47	LD B,A
2a7e	79	LD A,C
2a7f	87	ADD A,A
2a80	87	ADD A,A
2a81	87	ADD A,A
2a82	c680	ADD A,0x80
2a84	b8	CP B
2a85	d8	RET C
2a86	cdee0a	CALL 0x0aee
2a89	e603	AND 0x3
2a8b	281d	JR Z,0x2aaa
2a8d	0e40	LD C,0x40
2a8f	217682	LD HL,0x8276
2a92	7e	LD A,(HL)
2a93	0f	RRCA
2a94	0f	RRCA
2a95	c624	ADD A,0x24
2a97	57	LD D,A
2a98	2c	INC L
2a99	2c	INC L
2a9a	46	LD B,(HL)
2a9b	3a1480	LD A,(0x8014)
2a9e	d610	SUB 0x10
2aa0	3808	JR C,0x2aaa
2aa2	91	SUB C
2aa3	3819	JR C,0x2abe
2aa5	92	SUB D
2aa6	3802	JR C,0x2aaa
2aa8	10f8	DJNZ 0x2aa2
2aaa	dd36047e	LD (IX+0x4),0x7e
2aae	cdee0a	CALL 0x0aee
2ab1	0f	RRCA
2ab2	381e	JR C,0x2ad2
2ab4	dd360500	LD (IX+0x5),0x0
2ab8	dd3603f0	LD (IX+0x3),0xf0
2abc	181c	JR 0x2ada
2abe	81	ADD A,C
2abf	47	LD B,A
2ac0	3a1480	LD A,(0x8014)
2ac3	dd7702	LD (IX+0x2),A
2ac6	90	SUB B
2ac7	dd7701	LD (IX+0x1),A
2aca	81	ADD A,C
2acb	dd7700	LD (IX+0x0),A
2ace	dd36044e	LD (IX+0x4),0x4e
2ad2	dd360580	LD (IX+0x5),0x80
2ad6	dd360300	LD (IX+0x3),0x0
2ada	dd360601	LD (IX+0x6),0x1
2ade	dd36080b	LD (IX+0x8),0xb
2ae2	dd360908	LD (IX+0x9),0x8
2ae6	3a7183	LD A,(0x8371)
2ae9	b7	OR A
2aea	c0	RET NZ
2aeb	3c	INC A
2aec	327183	LD (0x8371),A
2aef	3e90	LD A,0x90
2af1	df	RST 0x0018
2af2	c9	RET
2af3	dd7e06	LD A,(IX+0x6)
2af6	b7	OR A
2af7	c8	RET Z
2af8	cde62a	CALL 0x2ae6
2afb	dd7e04	LD A,(IX+0x4)
2afe	fe60	CP 0x60
2b00	300c	JR NC,0x2b0e
2b02	3a1480	LD A,(0x8014)
2b05	dd9602	SUB (IX+0x2)
2b08	4f	LD C,A
2b09	fd7700	LD (IY+0x0),A
2b0c	1806	JR 0x2b14
2b0e	dd4e03	LD C,(IX+0x3)
2b11	fd7100	LD (IY+0x0),C
2b14	dd7e04	LD A,(IX+0x4)
2b17	fd7703	LD (IY+0x3),A
2b1a	fd7707	LD (IY+0x7),A
2b1d	dd7e05	LD A,(IX+0x5)
2b20	b7	OR A
2b21	200a	JR NZ,0x2b2d
2b23	3e0f	LD A,0xf
2b25	81	ADD A,C
2b26	fd7704	LD (IY+0x4),A
2b29	3c	INC A
2b2a	c0	RET NZ
2b2b	1809	JR 0x2b36
2b2d	3ef1	LD A,0xf1
2b2f	81	ADD A,C
2b30	fd7704	LD (IY+0x4),A
2b33	79	LD A,C
2b34	b7	OR A
2b35	c0	RET NZ
2b36	dd7e07	LD A,(IX+0x7)
2b39	b7	OR A
2b3a	c8	RET Z
2b3b	dde5	PUSH IX
2b3d	e1	POP HL
2b3e	54	LD D,H
2b3f	5d	LD E,L
2b40	1c	INC E
2b41	010f00	LD BC,0xf
2b44	70	LD (HL),B
2b45	edb0	LDIR
2b47	010700	LD BC,0x7
2b4a	fde5	PUSH IY
2b4c	e1	POP HL
2b4d	54	LD D,H
2b4e	5d	LD E,L
2b4f	1c	INC E
2b50	70	LD (HL),B
2b51	edb0	LDIR
2b53	dd360a20	LD (IX+0xa),0x20
2b57	c9	RET
2b58	dd7e06	LD A,(IX+0x6)
2b5b	b7	OR A
2b5c	c8	RET Z
2b5d	dd7e04	LD A,(IX+0x4)
2b60	c602	ADD A,0x2
2b62	214780	LD HL,0x8047
2b65	be	CP (HL)
2b66	c0	RET NZ
2b67	dd7e05	LD A,(IX+0x5)
2b6a	b7	OR A
2b6b	fd7e00	LD A,(IY+0x0)
2b6e	214480	LD HL,0x8044
2b71	2802	JR Z,0x2b75
2b73	c610	ADD A,0x10
2b75	96	SUB (HL)
2b76	d8	RET C
2b77	fe10	CP 0x10
2b79	d0	RET NC
2b7a	3e01	LD A,0x1
2b7c	320480	LD (0x8004),A
2b7f	322c84	LD (0x842c),A
2b82	c9	RET
2b83	cd132c	CALL 0x2c13
2b86	cdab2b	CALL 0x2bab
2b89	cd932b	CALL 0x2b93
2b8c	cda82c	CALL 0x2ca8
2b8f	cdfb2b	CALL 0x2bfb
2b92	c9	RET
2b93	dd7e06	LD A,(IX+0x6)
2b96	b7	OR A
2b97	c8	RET Z
2b98	dd6e0b	LD L,(IX+0xb)
2b9b	2680	LD H,0x80
2b9d	7e	LD A,(HL)
2b9e	dd9602	SUB (IX+0x2)
2ba1	fd7700	LD (IY+0x0),A
2ba4	dd7e04	LD A,(IX+0x4)
2ba7	fd7703	LD (IY+0x3),A
2baa	c9	RET
2bab	dd7e06	LD A,(IX+0x6)
2bae	b7	OR A
2baf	c8	RET Z
2bb0	dd3509	DEC (IX+0x9)
2bb3	c0	RET NZ
2bb4	dd360908	LD (IX+0x9),0x8
2bb8	dd6e0b	LD L,(IX+0xb)
2bbb	2680	LD H,0x80
2bbd	dd7e05	LD A,(IX+0x5)
2bc0	b7	OR A
2bc1	280d	JR Z,0x2bd0
2bc3	7e	LD A,(HL)
2bc4	dd9600	SUB (IX+0x0)
2bc7	fdbe00	CP (IY+0x0)
2bca	3011	JR NC,0x2bdd
2bcc	dd3402	INC (IX+0x2)
2bcf	c9	RET
2bd0	7e	LD A,(HL)
2bd1	dd9601	SUB (IX+0x1)
2bd4	fdbe00	CP (IY+0x0)
2bd7	3804	JR C,0x2bdd
2bd9	dd3502	DEC (IX+0x2)
2bdc	c9	RET
2bdd	3a0480	LD A,(0x8004)
2be0	b7	OR A
2be1	c0	RET NZ
2be2	dde5	PUSH IX
2be4	e1	POP HL
2be5	54	LD D,H
2be6	5d	LD E,L
2be7	1c	INC E
2be8	010f00	LD BC,0xf
2beb	70	LD (HL),B
2bec	edb0	LDIR
2bee	215880	LD HL,0x8058
2bf1	115980	LD DE,0x8059
2bf4	010300	LD BC,0x3
2bf7	70	LD (HL),B
2bf8	edb0	LDIR
2bfa	c9	RET
2bfb	dd7e06	LD A,(IX+0x6)
2bfe	b7	OR A
2bff	c8	RET Z
2c00	21d92c	LD HL,0x2cd9
2c03	4f	LD C,A
2c04	0600	LD B,0x0
2c06	09	ADD HL,BC
2c07	7e	LD A,(HL)
2c08	ddb605	OR (IX+0x5)
2c0b	fd7701	LD (IY+0x1),A
2c0e	fd360202	LD (IY+0x2),0x2
2c12	c9	RET
2c13	3ab783	LD A,(0x83b7)
2c16	fe03	CP 0x3
2c18	d8	RET C
2c19	4f	LD C,A
2c1a	dd7e06	LD A,(IX+0x6)
2c1d	b7	OR A
2c1e	c0	RET NZ
2c1f	cdee0a	CALL 0x0aee
2c22	47	LD B,A
2c23	79	LD A,C
2c24	87	ADD A,A
2c25	87	ADD A,A
2c26	87	ADD A,A
2c27	c680	ADD A,0x80
2c29	b8	CP B
2c2a	d8	RET C
2c2b	0e40	LD C,0x40
2c2d	cdee0a	CALL 0x0aee
2c30	e607	AND 0x7
2c32	fe05	CP 0x5
2c34	d0	RET NC
2c35	4f	LD C,A
2c36	0f	RRCA
2c37	0f	RRCA
2c38	0f	RRCA
2c39	0f	RRCA
2c3a	c630	ADD A,0x30
2c3c	dd7704	LD (IX+0x4),A
2c3f	cdee0a	CALL 0x0aee
2c42	47	LD B,A
2c43	79	LD A,C
2c44	87	ADD A,A
2c45	5f	LD E,A
2c46	1600	LD D,0x0
2c48	21e62c	LD HL,0x2ce6
2c4b	19	ADD HL,DE
2c4c	5e	LD E,(HL)
2c4d	2c	INC L
2c4e	6e	LD L,(HL)
2c4f	2680	LD H,0x80
2c51	dd750b	LD (IX+0xb),L
2c54	7e	LD A,(HL)
2c55	57	LD D,A
2c56	79	LD A,C
2c57	87	ADD A,A
2c58	4f	LD C,A
2c59	0600	LD B,0x0
2c5b	21dc2c	LD HL,0x2cdc
2c5e	09	ADD HL,BC
2c5f	4e	LD C,(HL)
2c60	2c	INC L
2c61	66	LD H,(HL)
2c62	69	LD L,C
2c63	7e	LD A,(HL)
2c64	0f	RRCA
2c65	0f	RRCA
2c66	d610	SUB 0x10
2c68	4f	LD C,A
2c69	2c	INC L
2c6a	2c	INC L
2c6b	46	LD B,(HL)
2c6c	7a	LD A,D
2c6d	93	SUB E
2c6e	d8	RET C
2c6f	91	SUB C
2c70	3802	JR C,0x2c74
2c72	10f9	DJNZ 0x2c6d
2c74	81	ADD A,C
2c75	47	LD B,A
2c76	dd6e0b	LD L,(IX+0xb)
2c79	2680	LD H,0x80
2c7b	7e	LD A,(HL)
2c7c	dd7702	LD (IX+0x2),A
2c7f	90	SUB B
2c80	dd7701	LD (IX+0x1),A
2c83	81	ADD A,C
2c84	dd7700	LD (IX+0x0),A
2c87	cdee0a	CALL 0x0aee
2c8a	0f	RRCA
2c8b	380a	JR C,0x2c97
2c8d	dd360580	LD (IX+0x5),0x80
2c91	dd3603f0	LD (IX+0x3),0xf0
2c95	1808	JR 0x2c9f
2c97	dd360500	LD (IX+0x5),0x0
2c9b	dd360300	LD (IX+0x3),0x0
2c9f	dd360601	LD (IX+0x6),0x1
2ca3	dd360908	LD (IX+0x9),0x8
2ca7	c9	RET
2ca8	dd7e06	LD A,(IX+0x6)
2cab	b7	OR A
2cac	c8	RET Z
2cad	dd7e04	LD A,(IX+0x4)
2cb0	214780	LD HL,0x8047
2cb3	be	CP (HL)
2cb4	c0	RET NZ
2cb5	dd7e05	LD A,(IX+0x5)
2cb8	b7	OR A
2cb9	fd7e00	LD A,(IY+0x0)
2cbc	214480	LD HL,0x8044
2cbf	2004	JR NZ,0x2cc5
2cc1	c614	ADD A,0x14
2cc3	1802	JR 0x2cc7
2cc5	d604	SUB 0x4
2cc7	96	SUB (HL)
2cc8	d8	RET C
2cc9	fe10	CP 0x10
2ccb	d0	RET NC
2ccc	3e01	LD A,0x1
2cce	320480	LD (0x8004),A
2cd1	dd360602	LD (IX+0x6),0x2
2cd5	c9	RET
2cf0	21e283	LD HL,0x83e2
2cf3	7e	LD A,(HL)
2cf4	b7	OR A
2cf5	3a00e0	LD A,(0xe000)
2cf8	2f	CPL
2cf9	2004	JR NZ,0x2cff
2cfb	e6c4	AND 0xc4
2cfd	77	LD (HL),A
2cfe	c9	RET
2cff	e6c4	AND 0xc4
2d01	c0	RET NZ
2d02	3c	INC A
2d03	cd9407	CALL 0x0794
2d06	af	XOR A
2d07	ed5bd483	LD DE,(0x83d4)
2d0b	cb76	BIT 0x6,(HL)
2d0d	c22b2d	JP NZ,0x2d2b
2d10	cb56	BIT 0x2,(HL)
2d12	77	LD (HL),A
2d13	2009	JR NZ,0x2d1e
2d15	3c	INC A
2d16	3218b8	LD (0xb818),A
2d19	3e04	LD A,0x4
2d1b	327e83	LD (0x837e),A
2d1e	21232d	LD HL,0x2d23
2d21	19	ADD HL,DE
2d22	e9	JP (HL)
2d23	1824	JR 0x2d49
2d25	181b	JR 0x2d42
2d27	1819	JR 0x2d42
2d29	181e	JR 0x2d49
2d2c	3c	INC A
2d2d	321cb8	LD (0xb81c),A
2d30	3e04	LD A,0x4
2d32	327f83	LD (0x837f),A
2d35	213a2d	LD HL,0x2d3a
2d38	19	ADD HL,DE
2d39	e9	JP (HL)
2d3a	180d	JR 0x2d49
2d3c	1804	JR 0x2d42
2d3e	1811	JR 0x2d51
2d40	1813	JR 0x2d55
2d45	34	INC (HL)
2d46	cb46	BIT 0x0,(HL)
2d48	c0	RET NZ
2d49	0e01	LD C,0x1
2d4b	180a	JR 0x2d57
2d51	0e03	LD C,0x3
2d53	1802	JR 0x2d57
2d55	0e06	LD C,0x6
2d57	3ae183	LD A,(0x83e1)
2d5a	81	ADD A,C
2d5b	27	DAA
2d5c	3002	JR NC,0x2d60
2d5e	3e99	LD A,0x99
2d60	32e183	LD (0x83e1),A
2d63	3afe83	LD A,(0x83fe)
2d66	b7	OR A
2d67	c0	RET NZ
2d68	3ad683	LD A,(0x83d6)
2d6b	fe05	CP 0x5
2d6d	ccb90d	CALL Z,0x0db9
2d70	3e05	LD A,0x5
2d72	32d683	LD (0x83d6),A
2d75	af	XOR A
2d76	32d883	LD (0x83d8),A
2d79	214080	LD HL,0x8040
2d7c	114180	LD DE,0x8041
2d7f	011f00	LD BC,0x1f
2d82	70	LD (HL),B
2d83	edb0	LDIR
2d85	c3670b	JP 0x0b67
2d88	21d883	LD HL,0x83d8
2d8b	36ff	LD (HL),0xff
2d8d	cd6607	CALL 0x0766
2d90	af	XOR A
2d91	329b82	LD (0x829b),A
2d94	322180	LD (0x8021),A
2d97	3e05	LD A,0x5
2d99	321b80	LD (0x801b),A
2d9c	3e03	LD A,0x3
2d9e	322b80	LD (0x802b),A
2da1	115c2f	LD DE,0x2f5c
2da4	218daa	LD HL,0xaa8d
2da7	060b	LD B,0xb
2da9	ef	RST 0x0028
2daa	3ae483	LD A,(0x83e4)
2dad	fe0a	CP 0xa
2daf	d0	RET NC
2db0	2115ab	LD HL,0xab15
2db3	cda90b	CALL 0x0ba9
2db6	11ae2f	LD DE,0x2fae
2db9	0607	LD B,0x7
2dbb	ef	RST 0x0028
2dbc	11732f	LD DE,0x2f73
2dbf	0604	LD B,0x4
2dc1	ef	RST 0x0028
2dc2	11922f	LD DE,0x2f92
2dc5	0607	LD B,0x7
2dc7	ef	RST 0x0028
2dc8	c9	RET
